0,キャラ:あなた,;自動追加
1,キャラ:宮間かなで,;自動追加
2,キャラ:佐々木美乃里,;自動追加
3,キャラ:久留米紗英,;自動追加
4,キャラ:飯野美樹,;自動追加
5,キャラ:渡来桔梗,;自動追加
6,キャラ:神田ひより,;自動追加
7,キャラ:多々良ひな,;自動追加
8,キャラ:多々良ゆな,;自動追加
9,キャラ:レイチェル・パラディスス,;自動追加
10,キャラ:桐生歌音,;自動追加
11,キャラ:須野郁美,;自動追加
12,キャラ:後藤光希,;自動追加
13,キャラ:榊あゆむ,;自動追加
14,キャラ:御弦伊月,;自動追加
15,キャラ:雛見春乃,;自動追加
16,キャラ:美咲エリカ,;自動追加
17,キャラ:宮間未依,;自動追加
18,キャラ:恋歌・ロックウェル,;自動追加
19,キャラ:ヒトミちゃん,;自動追加
20,キャラ:赤羽真理,;自動追加
21,キャラ:長谷川湊,;自動追加
22,キャラ:織部真菜香,;自動追加
23,キャラ:天海瑠衣,;自動追加
24,キャラ:寺本祐香里,;自動追加
25,キャラ:三上聖佳,;自動追加
26,キャラ:清水桜子,;自動追加
27,キャラ:知吉綾乃,;自動追加
28,キャラ:桜井プリシラ,;自動追加
29,キャラ:蒼井遙,;自動追加
30,キャラ:文野柚香,;自動追加
31,キャラ:白波縁,;自動追加
32,キャラ:相田エレナ,;自動追加
33,キャラ:相田アリサ,;自動追加
34,キャラ:中島葉月,;自動追加
35,キャラ:織部夏美,;自動追加
36,キャラ:川岸あさひ,;自動追加
37,キャラ:秋名未澪,;自動追加
38,キャラ:闇崎燐子,;自動追加
39,キャラ:小日向詩織,;自動追加
40,キャラ:庄野そら,;自動追加
41,キャラ:羽生理沙,;自動追加
42,キャラ:富士川りえ,;自動追加
43,キャラ:相葉瀬理奈,;自動追加
44,キャラ:高城沙織,;自動追加
45,キャラ:三好ゆか子,;自動追加
46,キャラ:小鳥遊音羽,;自動追加
51,キャラ:面接相手,
47,キャラ:水森優樹菜,;自動追加
70,キャラ:春風南,;自動追加
71,キャラ:神園すみれ,;自動追加
72,キャラ:二葉志乃,;自動追加
73,キャラ:鎌瀬縫子,;自動追加
74,キャラ:本庄のどか,;自動追加
75,キャラ:橘乙姫,;自動追加
76,キャラ:春風南_重複1,;自動追加
77,キャラ:神園すみれ_重複1,;自動追加
78,キャラ:海老原真与,;自動追加
79,キャラ:キャバ嬢,;自動追加
80,キャラ:新島みひろ,;自動追加
81,キャラ:エリス,;自動追加
82,キャラ:リリス,;自動追加
83,キャラ:佐倉結衣花,;自動追加
84,キャラ:アイリス,;自動追加
85,キャラ:雛見まゆ,;自動追加
86,キャラ:ユーニス・パラディスス,;自動追加
87,キャラ:桐島翔子,;自動追加
88,キャラ:雨草愛理,;自動追加
89,キャラ:西方杏子,;自動追加
90,キャラ:加瀬芙美香,;自動追加
91,キャラ:宮間カナ,;自動追加
92,キャラ:アンドロイド,;自動追加
93,キャラ:李美鈴,;自動追加
94,キャラ:羽瀬川みこと,;自動追加
95,キャラ:桐生エレン,;自動追加
96,キャラ:リーナ・レスピーチオ,;自動追加
97,キャラ:黒井都子,;自動追加
98,キャラ:赤城ゆうひ,;自動追加
99,キャラ:伊原琴乃,;自動追加
100,キャラ:後藤彩香,;自動追加
101,キャラ:柑野凛佳,;自動追加
102,キャラ:篠崎聖沙,;自動追加
103,キャラ:椎名海静,;自動追加
104,キャラ:エルファリア・ラーグラーデ,;自動追加
105,キャラ:ミーナ・クレイン,;自動追加
106,キャラ:槇原さち,;自動追加
107,キャラ:赤坂姫乃,;自動追加
108,キャラ:桜野環,;自動追加
109,キャラ:マルチナ・パラディスス,;自動追加
110,キャラ:春風美奈,;自動追加
120,キャラ:操辻蜂香,;自動追加
121,キャラ:ミスティ・ブラウン,;自動追加
122,キャラ:ヘルメス・メルクリオス,;自動追加
150,キャラ:佐倉由希,;自動追加
151,キャラ:小鳥遊乃絵美,;自動追加
152,キャラ:新堂あゆみ,;自動追加
180,キャラ:野々宮初佳,;自動追加
190,キャラ:涼本鈴花,;自動追加
191,キャラ:永江桜月,;自動追加
192,キャラ:宇野未歩,;自動追加
200,キャラ:アイーシャ・アルハズラッド,;自動追加
201,キャラ:アスカ,;自動追加
202,キャラ:小野原あんず,;自動追加
203,キャラ:高階美夜,;自動追加
204,キャラ:和泉透子,;自動追加
205,キャラ:高屋敷春海,;自動追加
206,キャラ:鏑木紫苑,;自動追加
207,キャラ:両島みちる,;自動追加
208,キャラ:春日律花,;自動追加
209,キャラ:上坂美紅,;自動追加
210,キャラ:碧野乃衣瑠,;自動追加
211,キャラ:赤城ひかる,;自動追加
212,キャラ:浅神智子,;自動追加
213,キャラ:神那悠喜,;自動追加
214,キャラ:本城愛衣子,;自動追加
215,キャラ:二見アン,;自動追加
216,キャラ:クリスティナ・ラーグラーデ,;自動追加
217,キャラ:ニコル・パトリナターリ,;自動追加
218,キャラ:瑞穂坂奈留,;自動追加
230,キャラ:リーゼロッテ・パラディスス,;自動追加
240,キャラ:鉢堂陽菜,;自動追加
1,IS処女(TARGET),;自動追加
2,ISＡ処女(TARGET),;自動追加
3,IS童貞(TARGET),;自動追加
12,UP:快Ｃ,;自動追加
13,UP:快Ｖ,;自動追加
14,UP:快Ａ,;自動追加
8,UP:潤滑,;自動追加
0,UP:恭順,;自動追加
1,UP:欲情,;自動追加
2,UP:屈服,;自動追加
3,UP:習得,;自動追加
4,UP:恥情,;自動追加
5,UP:苦痛,;自動追加
6,UP:恐怖,;自動追加
7,UP:反感,;自動追加
9,UP:不快,;自動追加
10,UP:抑鬱,;自動追加
15,UP:快Ｂ,;自動追加
11,UP:享楽,;自動追加
100,UP:否定,;自動追加
12,DOWN:快Ｃ,;自動追加
13,DOWN:快Ｖ,;自動追加
14,DOWN:快Ａ,;自動追加
8,DOWN:潤滑,;自動追加
0,DOWN:恭順,;自動追加
1,DOWN:欲情,;自動追加
2,DOWN:屈服,;自動追加
3,DOWN:習得,;自動追加
4,DOWN:恥情,;自動追加
5,DOWN:苦痛,;自動追加
6,DOWN:恐怖,;自動追加
7,DOWN:反感,;自動追加
9,DOWN:不快,;自動追加
10,DOWN:抑鬱,;自動追加
15,DOWN:快Ｂ,;自動追加
11,DOWN:享楽,;自動追加
100,DOWN:否定,;自動追加
12,CUP:快Ｃ,;自動追加
13,CUP:快Ｖ,;自動追加
14,CUP:快Ａ,;自動追加
8,CUP:潤滑,;自動追加
0,CUP:恭順,;自動追加
1,CUP:欲情,;自動追加
2,CUP:屈服,;自動追加
3,CUP:習得,;自動追加
4,CUP:恥情,;自動追加
5,CUP:苦痛,;自動追加
6,CUP:恐怖,;自動追加
7,CUP:反感,;自動追加
9,CUP:不快,;自動追加
10,CUP:抑鬱,;自動追加
15,CUP:快Ｂ,;自動追加
11,CUP:享楽,;自動追加
100,CUP:否定,;自動追加
12,CDOWN:快Ｃ,;自動追加
13,CDOWN:快Ｖ,;自動追加
14,CDOWN:快Ａ,;自動追加
8,CDOWN:潤滑,;自動追加
0,CDOWN:恭順,;自動追加
1,CDOWN:欲情,;自動追加
2,CDOWN:屈服,;自動追加
3,CDOWN:習得,;自動追加
4,CDOWN:恥情,;自動追加
5,CDOWN:苦痛,;自動追加
6,CDOWN:恐怖,;自動追加
7,CDOWN:反感,;自動追加
9,CDOWN:不快,;自動追加
10,CDOWN:抑鬱,;自動追加
15,CDOWN:快Ｂ,;自動追加
11,CDOWN:享楽,;自動追加
100,CDOWN:否定,;自動追加
0,キャラ:,;自動追加
0,STAIN:口,;自動追加
1,STAIN:手,;自動追加
2,STAIN:ペニス,;自動追加
3,STAIN:ヴァギナ,;自動追加
4,STAIN:アナル,;自動追加
5,STAIN:胸,;自動追加
113,IS_習得遅い(TARGET),;自動追加
116,IS_小柄(TARGET),;自動追加
119,IS_パイパン(TARGET),;自動追加
420,IS_汚臭敏感(TARGET),;自動追加
20,UP:Ｖ潤,;自動追加
21,UP:Ａ潤,;自動追加
22,UP:Ｐ潤,;自動追加
30,UP:膣内精液量,;自動追加
31,UP:腸内精液量,;自動追加
32,UP:Extacy,;自動追加
33,UP:連続絶頂COMBO数,;自動追加
34,UP:絶頂回数,;自動追加
35,UP:補正値,;自動追加
36,UP:絶頂部位の記録,;自動追加
40,UP:快Ｃボーナス,;自動追加
41,UP:快Ｖボーナス,;自動追加
42,UP:快Ａボーナス,;自動追加
43,UP:快Ｂボーナス,;自動追加
20,DOWN:Ｖ潤,;自動追加
21,DOWN:Ａ潤,;自動追加
22,DOWN:Ｐ潤,;自動追加
30,DOWN:膣内精液量,;自動追加
31,DOWN:腸内精液量,;自動追加
32,DOWN:Extacy,;自動追加
33,DOWN:連続絶頂COMBO数,;自動追加
34,DOWN:絶頂回数,;自動追加
35,DOWN:補正値,;自動追加
36,DOWN:絶頂部位の記録,;自動追加
40,DOWN:快Ｃボーナス,;自動追加
41,DOWN:快Ｖボーナス,;自動追加
42,DOWN:快Ａボーナス,;自動追加
43,DOWN:快Ｂボーナス,;自動追加
20,CUP:Ｖ潤,;自動追加
21,CUP:Ａ潤,;自動追加
22,CUP:Ｐ潤,;自動追加
30,CUP:膣内精液量,;自動追加
31,CUP:腸内精液量,;自動追加
32,CUP:Extacy,;自動追加
33,CUP:連続絶頂COMBO数,;自動追加
34,CUP:絶頂回数,;自動追加
35,CUP:補正値,;自動追加
36,CUP:絶頂部位の記録,;自動追加
40,CUP:快Ｃボーナス,;自動追加
41,CUP:快Ｖボーナス,;自動追加
42,CUP:快Ａボーナス,;自動追加
43,CUP:快Ｂボーナス,;自動追加
20,CDOWN:Ｖ潤,;自動追加
21,CDOWN:Ａ潤,;自動追加
22,CDOWN:Ｐ潤,;自動追加
30,CDOWN:膣内精液量,;自動追加
31,CDOWN:腸内精液量,;自動追加
32,CDOWN:Extacy,;自動追加
33,CDOWN:連続絶頂COMBO数,;自動追加
34,CDOWN:絶頂回数,;自動追加
35,CDOWN:補正値,;自動追加
36,CDOWN:絶頂部位の記録,;自動追加
40,CDOWN:快Ｃボーナス,;自動追加
41,CDOWN:快Ｖボーナス,;自動追加
42,CDOWN:快Ａボーナス,;自動追加
43,CDOWN:快Ｂボーナス,;自動追加
0,ABL:Ｃ感覚,;自動追加
1,ABL:Ｂ感覚,;自動追加
2,ABL:Ｖ感覚,;自動追加
3,ABL:Ａ感覚,;自動追加
10,ABL:信頼,;自動追加
11,ABL:欲望,;自動追加
12,ABL:技巧,;自動追加
13,ABL:奉仕技術,;自動追加
14,ABL:性交技術,;自動追加
15,ABL:話術,;自動追加
16,ABL:奉仕精神,;自動追加
17,ABL:露出癖,;自動追加
20,ABL:サドっ気,;自動追加
21,ABL:マゾっ気,;自動追加
22,ABL:レズっ気,;自動追加
23,ABL:ＢＬっ気,;自動追加
30,ABL:性交中毒,;自動追加
31,ABL:自慰中毒,;自動追加
32,ABL:精液中毒,;自動追加
33,ABL:レズ中毒,;自動追加
37,ABL:売春中毒,;自動追加
38,ABL:射精中毒,;自動追加
39,ABL:噴乳中毒,;自動追加
40,ABL:獣姦中毒,;自動追加
41,ABL:触手中毒,;自動追加
50,ABL:美容感覚,;自動追加
51,ABL:運動能力,;自動追加
52,ABL:学力,;自動追加
70,ABL:被写技能,;自動追加
71,ABL:歌唱技能,;自動追加
72,ABL:舞踊技能,;自動追加
73,ABL:料理技能,;自動追加
80,ABL:科学知識,;自動追加
81,ABL:オタク知識,;自動追加
140,ABL:Ｖ使い,;自動追加
141,ABL:Ａ使い,;自動追加
150,ABL:Ｖ名器度,;自動追加
151,ABL:Ａ名器度,;自動追加
160,ABL:舌使い,;自動追加
161,ABL:指使い,;自動追加
162,ABL:腰使い,;自動追加
163,ABL:魔乳,;自動追加
0,EXP:Ｖ経験,;自動追加
1,EXP:Ａ経験,;自動追加
2,EXP:絶頂経験,;自動追加
3,EXP:射精経験,;自動追加
4,EXP:挿入経験,;自動追加
5,EXP:性交経験,;自動追加
8,EXP:精飲絶頂経験,;自動追加
9,EXP:監督経験,;自動追加
10,EXP:自慰経験,;自動追加
11,EXP:調教自慰経験,;自動追加
12,EXP:野外露出経験,;自動追加
13,EXP:Ｃ開発経験,;自動追加
14,EXP:Ｂ開発経験,;自動追加
15,EXP:Ｖ開発経験,;自動追加
16,EXP:Ａ開発経験,;自動追加
20,EXP:精液経験,;自動追加
21,EXP:奉仕快楽経験,;自動追加
22,EXP:フェラ経験,;自動追加
23,EXP:愛情経験,;自動追加
30,EXP:被虐快楽経験,;自動追加
31,EXP:放尿経験,;自動追加
32,EXP:Ａ快楽経験,;自動追加
33,EXP:嗜虐快楽経験,;自動追加
34,EXP:Ｃ経験,;自動追加
35,EXP:Ｂ経験,;自動追加
40,EXP:レズ経験,;自動追加
41,EXP:ＢＬ経験,;自動追加
50,EXP:異常経験,;自動追加
51,EXP:緊縛経験,;自動追加
52,EXP:Ｖ拡張経験,;自動追加
53,EXP:Ａ拡張経験,;自動追加
54,EXP:噴乳経験,;自動追加
55,EXP:触手経験,;自動追加
56,EXP:獣姦経験,;自動追加
57,EXP:薬物経験,;自動追加
58,EXP:乳姦経験,;自動追加
59,EXP:産卵経験,;自動追加
60,EXP:出産経験,;自動追加
61,EXP:料理経験,;自動追加
65,EXP:調教失神経験,;自動追加
70,EXP:被写経験,;自動追加
71,EXP:歌唱経験,;自動追加
72,EXP:舞踊経験,;自動追加
73,EXP:会話経験,;自動追加
74,EXP:売春経験,;自動追加
75,EXP:営業愛情経験,;自動追加
76,EXP:ＡＶ出演経験,;自動追加
77,EXP:アルバイト経験,;自動追加
78,EXP:接客経験,;自動追加
79,EXP:モデル経験,;自動追加
80,EXP:指名経験,;自動追加
81,EXP:アフター経験,;自動追加
82,EXP:声優経験,;自動追加
83,EXP:作画経験,;自動追加
84,EXP:治験経験,;自動追加
90,EXP:貢献度,;自動追加
91,EXP:人気,;自動追加
92,EXP:補導経験,;自動追加
101,EXP:彼氏性経験,;自動追加
102,EXP:コスプレ経験,;自動追加
103,EXP:痴漢経験,;自動追加
104,EXP:セフレ性経験,;自動追加
105,EXP:強姦回数,;自動追加
107,EXP:キャラ売却経験,;自動追加
108,EXP:スタッフ寝取られ経験,;自動追加
109,EXP:交際人数,;自動追加
110,EXP:ＲＢ団性格改善経験,;自動追加
111,EXP:イメチェン回数,;自動追加
112,EXP:卑語指導回数,;自動追加
120,EXP:美容トレーニング経験,;自動追加
121,EXP:運動トレーニング経験,;自動追加
122,EXP:学業トレーニング経験,;自動追加
123,EXP:オタクトレーニング経験,;自動追加
124,EXP:スペシャルエステ使用経験,;自動追加
130,EXP:歌音アルバイト,;自動追加
131,EXP:沙織アルバイト,;自動追加
132,EXP:ゆか子アルバイト,;自動追加
133,EXP:春乃アルバイト,;自動追加
134,EXP:エレナアルバイト,;自動追加
135,EXP:アイーシャアルバイト,;自動追加
136,EXP:音羽アルバイト,;自動追加
137,EXP:真理アルバイト,;自動追加
205,EXP:経験値,;自動追加
217,EXP:膣内精液経験,;自動追加
218,EXP:肛内精液経験,;自動追加
236,EXP:羞恥快楽経験,;自動追加
0,TALENT:／／／身体特徴素質,;自動追加
1,TALENT:性経験,;自動追加
2,TALENT:性別,;自動追加
3,TALENT:具現,;自動追加
4,TALENT:オトコの娘,;自動追加
20,TALENT:Ｃ感度,;自動追加
21,TALENT:Ｖ感度,;自動追加
22,TALENT:Ａ感度,;自動追加
23,TALENT:Ｂ感度,;自動追加
30,TALENT:身長,;自動追加
31,TALENT:体型,;自動追加
32,TALENT:陰毛,;自動追加
33,TALENT:乳房,;自動追加
34,TALENT:尻サイズ,;自動追加
35,TALENT:美乳,;自動追加
36,TALENT:美尻,;自動追加
37,TALENT:美脚,;自動追加
100,TALENT:／／／特徴素質,;自動追加
101,TALENT:回復速度,;自動追加
102,TALENT:痛覚耐性,;自動追加
103,TALENT:濡れやすさ,;自動追加
105,TALENT:習得速度,;自動追加
106,TALENT:薬物中毒,;自動追加
107,TALENT:精愛味覚,;自動追加
108,TALENT:おもらし癖,;自動追加
114,TALENT:薬毒耐性,;自動追加
128,TALENT:母乳体質,;自動追加
129,TALENT:幼稚,;自動追加
130,TALENT:早漏,;自動追加
131,TALENT:未熟,;自動追加
132,TALENT:童顔,;自動追加
133,TALENT:動物耳,;自動追加
134,TALENT:妊娠,;自動追加
135,TALENT:育児中,;自動追加
136,TALENT:抱卵,;自動追加
137,TALENT:大ドジ,;自動追加
138,TALENT:売却不可,;自動追加
139,TALENT:メガネっ娘,;自動追加
140,TALENT:外国人,;自動追加
141,TALENT:ハーフ,;自動追加
142,TALENT:クオーター,;自動追加
145,TALENT:避妊治療済,;自動追加
146,TALENT:喫煙者,;自動追加
147,TALENT:車椅子,;自動追加
148,TALENT:記憶喪失,;自動追加
149,TALENT:褐色肌,;自動追加
200,TALENT:／／／陥落素質,;自動追加
201,TALENT:永遠の愛,;自動追加
202,TALENT:絶倫,;自動追加
203,TALENT:恋心,;自動追加
204,TALENT:淫乱,;自動追加
205,TALENT:性豪,;自動追加
206,TALENT:崩壊,;自動追加
207,TALENT:狂気,;自動追加
208,TALENT:自慰狂い,;自動追加
209,TALENT:セックス狂,;自動追加
210,TALENT:尻穴狂い,;自動追加
211,TALENT:乳狂い,;自動追加
212,TALENT:淫核,;自動追加
213,TALENT:淫乳,;自動追加
214,TALENT:淫壺,;自動追加
215,TALENT:淫肛,;自動追加
216,TALENT:蕩唇,;自動追加
217,TALENT:常時発情,;自動追加
218,TALENT:牝犬,;自動追加
219,TALENT:苗床,;自動追加
300,TALENT:／／／性格素質,;自動追加
301,TALENT:臆病,;自動追加
302,TALENT:ナマイキ,;自動追加
303,TALENT:気丈,;自動追加
304,TALENT:素直,;自動追加
306,TALENT:清楚,;自動追加
307,TALENT:プライド,;自動追加
308,TALENT:活発度,;自動追加
309,TALENT:ツンデレ,;自動追加
310,TALENT:自制心,;自動追加
311,TALENT:クール,;自動追加
312,TALENT:感情乏しい,;自動追加
313,TALENT:ポジティブさ,;自動追加
314,TALENT:涙もろさ,;自動追加
315,TALENT:ボーイッシュ,;自動追加
316,TALENT:嫉妬,;自動追加
317,TALENT:妄信,;自動追加
318,TALENT:小悪魔,;自動追加
319,TALENT:逆襲,;自動追加
320,TALENT:幼児退行,;自動追加
321,TALENT:心弱い,;自動追加
322,TALENT:動物好き,;自動追加
324,TALENT:洗脳されない,;自動追加
325,TALENT:母性,;自動追加
326,TALENT:父性,;自動追加
327,TALENT:マザコン,;自動追加
328,TALENT:ファザコン,;自動追加
329,TALENT:妹想い,;自動追加
330,TALENT:ロリコン,;自動追加
331,TALENT:清い付き合い,;自動追加
332,TALENT:惚れっぽい,;自動追加
333,TALENT:影響されやすい,;自動追加
334,TALENT:信仰心,;自動追加
335,TALENT:流されやすい,;自動追加
400,TALENT:／／／性的関心素質,;自動追加
401,TALENT:ギャル系,;自動追加
402,TALENT:チャラ男,;自動追加
403,TALENT:サド,;自動追加
404,TALENT:マゾ,;自動追加
405,TALENT:露出狂,;自動追加
406,TALENT:セフレ,;自動追加
407,TALENT:好奇心,;自動追加
408,TALENT:保守的,;自動追加
409,TALENT:一線越えない,;自動追加
410,TALENT:目立ちたがり,;自動追加
411,TALENT:貞操観念,;自動追加
414,TALENT:解放的,;自動追加
415,TALENT:抵抗,;自動追加
416,TALENT:恥じらい,;自動追加
418,TALENT:弱味,;自動追加
421,TALENT:汚れ無視,;自動追加
422,TALENT:快感に素直,;自動追加
424,TALENT:中毒しやすい,;自動追加
425,TALENT:自慰しやすい,;自動追加
426,TALENT:即落ち,;自動追加
427,TALENT:倒錯的,;自動追加
428,TALENT:両刀,;自動追加
429,TALENT:男性不信,;自動追加
430,TALENT:自慰しない,;自動追加
431,TALENT:奉仕しない,;自動追加
432,TALENT:セフレあり,;自動追加
433,TALENT:彼氏あり,;自動追加
450,TALENT:汚臭耐性,;自動追加
500,TALENT:／／／技能素質,;自動追加
501,TALENT:治療,;自動追加
502,TALENT:献身的,;自動追加
503,TALENT:鼓舞,;自動追加
504,TALENT:舌使い,;自動追加
505,TALENT:調合知識,;自動追加
506,TALENT:地味,;自動追加
507,TALENT:魅力,;自動追加
508,TALENT:魅惑,;自動追加
509,TALENT:謎の魅力,;自動追加
510,TALENT:カリスマ,;自動追加
511,TALENT:人気者,;自動追加
512,TALENT:饒舌,;自動追加
513,TALENT:常連客,;自動追加
514,TALENT:歌姫,;自動追加
515,TALENT:舞姫,;自動追加
516,TALENT:美姫,;自動追加
517,TALENT:プロデューサー,;自動追加
518,TALENT:マネージャー,;自動追加
519,TALENT:運動部,;自動追加
520,TALENT:令嬢,;自動追加
521,TALENT:人妻,;自動追加
522,TALENT:巫女,;自動追加
523,TALENT:貴族,;自動追加
524,TALENT:大和撫子,;自動追加
525,TALENT:貧乏,;自動追加
526,TALENT:交渉上手,;自動追加
527,TALENT:未亡人,;自動追加
528,TALENT:優等生,;自動追加
529,TALENT:援交少女,;自動追加
530,TALENT:幼馴染み,;自動追加
531,TALENT:妹,;自動追加
532,TALENT:整形美人,;自動追加
533,TALENT:ニューハーフ,;自動追加
534,TALENT:ストレス肥満,;自動追加
535,TALENT:姉,;自動追加
536,TALENT:秘密知識,;自動追加
537,TALENT:おしゃれ,;自動追加
538,TALENT:ミッション,;自動追加
539,TALENT:料理上手,;自動追加
540,TALENT:異界知識,;自動追加
541,TALENT:最先端科学,;自動追加
542,TALENT:極道の娘,;自動追加
543,TALENT:護身術,;自動追加
544,TALENT:極道の妻,;自動追加
545,TALENT:性魔術,;自動追加
546,TALENT:ド根性,;自動追加
548,TALENT:有名人,;自動追加
600,TALENT:／／／職業素質,;自動追加
601,TALENT:お姫様,;自動追加
602,TALENT:コスプレイヤー,;自動追加
603,TALENT:ナース,;自動追加
604,TALENT:教師,;自動追加
605,TALENT:ＯＬ,;自動追加
606,TALENT:メイド,;自動追加
607,TALENT:聖職者,;自動追加
608,TALENT:警察官,;自動追加
609,TALENT:ジャーナリスト,;自動追加
610,TALENT:医者,;自動追加
611,TALENT:ヘルメス教団,;自動追加
612,TALENT:声優,;自動追加
613,TALENT:探偵,;自動追加
614,TALENT:アイドル,;自動追加
615,TALENT:ファッションモデル,;自動追加
616,TALENT:キャバ嬢,;自動追加
617,TALENT:ホスト,;自動追加
618,TALENT:人気ＡＶ女優,;自動追加
619,TALENT:ＡＶ女優,;自動追加
620,TALENT:高級娼婦,;自動追加
621,TALENT:風俗嬢,;自動追加
622,TALENT:大学生,;自動追加
623,TALENT:高校生,;自動追加
624,TALENT:中学生,;自動追加
625,TALENT:小学生,;自動追加
626,TALENT:アルバイト,;自動追加
627,TALENT:バイト戦士,;自動追加
628,TALENT:ニート,;自動追加
629,TALENT:不良,;自動追加
630,TALENT:ダッチワイフ,;自動追加
631,TALENT:アンドロイド,;自動追加
632,TALENT:被験体,;自動追加
633,TALENT:幽霊,;自動追加
800,TALENT:／／／特技素質,;自動追加
801,TALENT:はるうられ,;自動追加
802,TALENT:ColorfulPureGirls,;自動追加
803,TALENT:神巫,;自動追加
804,TALENT:天使,;自動追加
805,TALENT:淫魔,;自動追加
806,TALENT:グランドマスター,;自動追加
807,TALENT:あくのそしき,;自動追加
808,TALENT:Mermaid girl,;自動追加
809,TALENT:Triptych,;自動追加
810,TALENT:Emerald Queen,;自動追加
811,TALENT:Lily Princess,;自動追加
812,TALENT:QueenB,;自動追加
813,TALENT:仮面の魔女,;自動追加
814,TALENT:熱血娘,;自動追加
815,TALENT:平和の歌姫？,;自動追加
816,TALENT:堕ちた歌姫,;自動追加
817,TALENT:ルーンマスター,;自動追加
818,TALENT:ONLY ONE IDOL,;自動追加
819,TALENT:ONLY ONE EMPRESS,;自動追加
820,TALENT:LUXURIA,;自動追加
821,TALENT:SUPERBIA,;自動追加
822,TALENT:INVIDIA,;自動追加
823,TALENT:IRA,;自動追加
824,TALENT:ACEDIA,;自動追加
825,TALENT:AVARITIA,;自動追加
826,TALENT:GULA,;自動追加
827,TALENT:SUPER HEROINE,;自動追加
828,TALENT:ILMATAR,;自動追加
829,TALENT:AVALOKITESVARA,;自動追加
830,TALENT:オリジナルユニット,;自動追加
831,TALENT:事実の真相,;自動追加
832,TALENT:勲章,;自動追加
833,TALENT:奇蹟,;自動追加
900,TALENT:／／／秘密素質,;自動追加
901,TALENT:ブースト小,;自動追加
902,TALENT:ブースト中,;自動追加
903,TALENT:ブースト大,;自動追加
940,TALENT:天性の舌使い,;自動追加
941,TALENT:天性の指使い,;自動追加
942,TALENT:天性の腰使い,;自動追加
943,TALENT:天性の魔乳,;自動追加
0,TRAIN:愛撫,;自動追加
1,TRAIN:クンニ,;自動追加
2,TRAIN:アナル愛撫,;自動追加
3,TRAIN:オナニー,;自動追加
4,TRAIN:フェラする,;自動追加
5,TRAIN:胸愛撫,;自動追加
6,TRAIN:キスする,;自動追加
7,TRAIN:秘貝開帳,;自動追加
8,TRAIN:指挿入れ,;自動追加
9,TRAIN:アナル舐め,;自動追加
10,TRAIN:ローター,;自動追加
11,TRAIN:バイブ,;自動追加
12,TRAIN:Ｅマッサージャ,;自動追加
13,TRAIN:アナルバイブ,;自動追加
14,TRAIN:クリキャップ,;自動追加
15,TRAIN:ニプルキャップ,;自動追加
16,TRAIN:搾乳機,;自動追加
17,TRAIN:オナホール,;自動追加
18,TRAIN:シャワー,;自動追加
19,TRAIN:アナルスティック,;自動追加
20,TRAIN:正常位,;自動追加
21,TRAIN:後背位,;自動追加
22,TRAIN:対面座位,;自動追加
23,TRAIN:背面座位,;自動追加
24,TRAIN:逆レイプ,;自動追加
25,TRAIN:逆アナルレイプ,;自動追加
26,TRAIN:正常位アナル,;自動追加
27,TRAIN:後背位アナル,;自動追加
28,TRAIN:対面座位アナル,;自動追加
29,TRAIN:背面座位アナル,;自動追加
30,TRAIN:手淫,;自動追加
31,TRAIN:フェラチオ,;自動追加
32,TRAIN:パイズリ,;自動追加
33,TRAIN:素股,;自動追加
34,TRAIN:騎乗位,;自動追加
35,TRAIN:泡踊り,;自動追加
36,TRAIN:騎乗位アナル,;自動追加
37,TRAIN:アナル奉仕,;自動追加
38,TRAIN:足コキ,;自動追加
39,TRAIN:オナホコキ,;自動追加
40,TRAIN:スパンキング,;自動追加
41,TRAIN:鞭,;自動追加
42,TRAIN:針,;自動追加
43,TRAIN:アイマスク,;自動追加
44,TRAIN:縄,;自動追加
45,TRAIN:ボールギャグ,;自動追加
46,TRAIN:浣腸,;自動追加
47,TRAIN:ボンデージ装着,;自動追加
48,TRAIN:足コキする,;自動追加
49,TRAIN:アナル電極,;自動追加
50,TRAIN:ローション,;自動追加
51,TRAIN:プリンセスポイズン,;自動追加
52,TRAIN:利尿剤,;自動追加
53,TRAIN:ビデオカメラ,;自動追加
54,TRAIN:撮影セット変更,;自動追加
55,TRAIN:何もしない,;自動追加
56,TRAIN:会話する,;自動追加
57,TRAIN:羞恥プレイ,;自動追加
58,TRAIN:お風呂場プレイ,;自動追加
59,TRAIN:コスプレ,;自動追加
60,TRAIN:助手にキス,;自動追加
61,TRAIN:クンニ強制,;自動追加
62,TRAIN:助手を犯す,;自動追加
63,TRAIN:貝あわせ,;自動追加
64,TRAIN:３Ｐ,;自動追加
65,TRAIN:助手を犯させる,;自動追加
66,TRAIN:二本フェラ,;自動追加
68,TRAIN:ダブルフェラ,;自動追加
69,TRAIN:シックスナイン,;自動追加
70,TRAIN:ダブル素股,;自動追加
71,TRAIN:ダブルパイズリ,;自動追加
73,TRAIN:乳首あわせ,;自動追加
80,TRAIN:イラマチオ,;自動追加
81,TRAIN:フィストファック,;自動追加
82,TRAIN:アナルフィスト,;自動追加
83,TRAIN:両穴フィスト,;自動追加
84,TRAIN:Ｇスポット刺激,;自動追加
85,TRAIN:放尿,;自動追加
87,TRAIN:ピアシング,;自動追加
88,TRAIN:剃毛,;自動追加
89,TRAIN:獣姦プレイ,;自動追加
90,TRAIN:ローター自慰,;自動追加
91,TRAIN:電マ自慰,;自動追加
92,TRAIN:乳首ローター,;自動追加
100,TRAIN:触手生物,;自動追加
101,TRAIN:触手挿入,;自動追加
102,TRAIN:アナル触手,;自動追加
103,TRAIN:触手クリ責め,;自動追加
104,TRAIN:触手乳首責め,;自動追加
105,TRAIN:触手搾乳,;自動追加
106,TRAIN:触手緊縛,;自動追加
107,TRAIN:触手浣腸,;自動追加
108,TRAIN:触手口辱,;自動追加
109,TRAIN:触手ペニス責め,;自動追加
110,TRAIN:服の着脱,;自動追加
111,TRAIN:服を破る,;自動追加
120,TRAIN:Ｇスポ責め,;自動追加
121,TRAIN:子宮口責め,;自動追加
122,TRAIN:兜あわせ,;自動追加
123,TRAIN:パイズリフェラ,;自動追加
124,TRAIN:ディープスロート,;自動追加
125,TRAIN:フェラ自慰,;自動追加
126,TRAIN:手コキフェラ,;自動追加
127,TRAIN:バキュームフェラ,;自動追加
128,TRAIN:正常位キス,;自動追加
129,TRAIN:正常位胸愛撫,;自動追加
130,TRAIN:正常位ＳＰ,;自動追加
131,TRAIN:後背位胸愛撫,;自動追加
132,TRAIN:後背位スパンキング,;自動追加
133,TRAIN:立ちバック,;自動追加
134,TRAIN:後背位ＳＰ,;自動追加
135,TRAIN:顔面騎乗プレイ,;自動追加
136,TRAIN:褒める,;自動追加
137,TRAIN:三角木馬,;自動追加
138,TRAIN:アナル舐め手コキ,;自動追加
140,TRAIN:コンドーム精飲,;自動追加
141,TRAIN:ナイズリ,;自動追加
142,TRAIN:縦パイズリ,;自動追加
143,TRAIN:谷間ホール,;自動追加
144,TRAIN:腹パン,;自動追加
150,TRAIN:スライム生成,;自動追加
151,TRAIN:スライム膣内進入,;自動追加
152,TRAIN:スライム肛門進入,;自動追加
153,TRAIN:スライムオナニー,;自動追加
154,TRAIN:スライム口辱,;自動追加
180,TRAIN:具現,;自動追加
0,MARK:苦痛刻印,;自動追加
1,MARK:快楽刻印,;自動追加
2,MARK:屈服刻印,;自動追加
3,MARK:反発刻印,;自動追加
5,MARK:胸膨刻印,;自動追加
8,MARK:淫紋,;自動追加
9,MARK:淫紋時計,;自動追加
1,ITEM:栄養剤,;自動追加
2,ITEM:お香,;自動追加
3,ITEM:排卵誘発剤,;自動追加
4,ITEM:排卵抑制剤,;自動追加
5,ITEM:剛毛剤,;自動追加
51,ITEM:ローション,;自動追加
52,ITEM:コンドーム,;自動追加
53,ITEM:利尿剤,;自動追加
54,ITEM:プリンセスポイズン,;自動追加
55,ITEM:サインペン,;自動追加
56,ITEM:ピアスリング,;自動追加
101,ITEM:ローター,;自動追加
102,ITEM:Ｅマッサージャ,;自動追加
103,ITEM:ニプルキャップ,;自動追加
104,ITEM:クリキャップ,;自動追加
105,ITEM:アナルビーズ,;自動追加
106,ITEM:バイブ,;自動追加
107,ITEM:アナルバイブ,;自動追加
108,ITEM:ペニスバンド,;自動追加
109,ITEM:オナホール,;自動追加
110,ITEM:ボールギャグ,;自動追加
111,ITEM:アイマスク,;自動追加
112,ITEM:縄,;自動追加
113,ITEM:鞭,;自動追加
114,ITEM:針,;自動追加
115,ITEM:プレイマット,;自動追加
116,ITEM:浣腸セット,;自動追加
117,ITEM:搾乳器,;自動追加
118,ITEM:電極プラグ,;自動追加
119,ITEM:ボンデージ,;自動追加
120,ITEM:大鏡,;自動追加
121,ITEM:撮影セット・基礎,;自動追加
122,ITEM:コスプレ衣装,;自動追加
123,ITEM:ラブスコープ,;自動追加
201,ITEM:【魅惑】,;自動追加
202,ITEM:【秘密知識】,;自動追加
203,ITEM:【調合知識】,;自動追加
204,ITEM:【技巧Lv】,;自動追加
301,ITEM:コスプレ衣装・ライトノベルパック,;自動追加
302,ITEM:コスプレ衣装・アニメパック,;自動追加
303,ITEM:コスプレ衣装・マンガパック,;自動追加
304,ITEM:コスプレ衣装・美少女ゲームパック,;自動追加
305,ITEM:犬,;自動追加
306,ITEM:触手生物,;自動追加
401,ITEM:蒼の魔術書,;自動追加
402,ITEM:魔術式ローター,;自動追加
403,ITEM:魔術式バイブ,;自動追加
404,ITEM:魔術式Ｅマッサージャ,;自動追加
405,ITEM:魔術式アナルバイブ,;自動追加
406,ITEM:魔術式クリキャップ,;自動追加
407,ITEM:魔術式ニプルキャップ,;自動追加
408,ITEM:魔術式アナルビーズ,;自動追加
409,ITEM:魔術式オナホール,;自動追加
410,ITEM:高性能鞭,;自動追加
411,ITEM:高性能針,;自動追加
412,ITEM:魔術式搾乳器,;自動追加
413,ITEM:疲労回復用入浴剤,;自動追加
414,ITEM:生きている縄,;自動追加
415,ITEM:魔術式三角木馬,;自動追加
416,ITEM:エプロン,;自動追加
0,BASE:体力,;自動追加
1,BASE:気力,;自動追加
2,BASE:絶頂,;自動追加
3,BASE:射精ゲージ,;自動追加
4,BASE:異種射精ゲージ,;自動追加
5,BASE:尿意,;自動追加
6,BASE:精力,;自動追加
9,BASE:ギャラ,;自動追加
10,BASE:魅力値,;自動追加
11,BASE:性欲,;自動追加
12,BASE:精液欲,;自動追加
13,BASE:欲求不満,;自動追加
14,BASE:快感許容値オンナ,;自動追加
15,BASE:快感許容値オトコ,;自動追加
21,BASE:身長,;自動追加
22,BASE:体重,;自動追加
23,BASE:バスト,;自動追加
24,BASE:アンダーバスト,;自動追加
25,BASE:ウェスト,;自動追加
26,BASE:ヒップ,;自動追加
27,BASE:股下,;自動追加
30,BASE:ペニスサイズ,;自動追加
40,BASE:バイオリズム,;自動追加
41,BASE:胎内精子量,;自動追加
42,BASE:精液の優勢,;自動追加
43,BASE:胎児の父親,;自動追加
44,BASE:胎児,;自動追加
45,BASE:育児中,;自動追加
46,BASE:胎内精液量,;自動追加
47,BASE:胎児への栄養,;自動追加
48,BASE:受精,;自動追加
49,BASE:受精からの日数,;自動追加
50,BASE:魔力,;自動追加
51,BASE:噴乳ゲージ,;自動追加
99,BASE:メダル,;自動追加
1,EQUIP:ステート変化,;自動追加
10,EQUIP:Ｈなご褒美,;自動追加
11,EQUIP:お風呂でＨ,;自動追加
40,EQUIP:パンツ,;自動追加
41,EQUIP:ブラ,;自動追加
42,EQUIP:服,;自動追加
43,EQUIP:スカート,;自動追加
44,EQUIP:ボディスーツ,;自動追加
45,EQUIP:アウター,;自動追加
46,EQUIP:靴下,;自動追加
47,EQUIP:靴,;自動追加
48,EQUIP:手袋,;自動追加
49,EQUIP:アクセサリ,;自動追加
50,EQUIP:パンスト,;自動追加
0,TEQUIP:愛撫,;自動追加
55,TEQUIP:顔面騎乗,;自動追加
2,TEQUIP:結腸責め,;自動追加
3,TEQUIP:自慰,;自動追加
5,TEQUIP:胸愛撫,;自動追加
6,TEQUIP:キス,;自動追加
7,TEQUIP:アソコ愛撫,;自動追加
8,TEQUIP:豊穣,;自動追加
11,TEQUIP:バイブ,;自動追加
13,TEQUIP:アナルバイブ,;自動追加
14,TEQUIP:クリキャップ,;自動追加
15,TEQUIP:ニプルキャップ,;自動追加
16,TEQUIP:搾乳機,;自動追加
17,TEQUIP:オナホール,;自動追加
18,TEQUIP:シャワー,;自動追加
19,TEQUIP:アナルビーズ,;自動追加
21,TEQUIP:媚薬効果,;自動追加
22,TEQUIP:利尿剤効果,;自動追加
35,TEQUIP:主人コンドーム,;自動追加
36,TEQUIP:助手コンドーム,;自動追加
37,TEQUIP:調教対象コンドーム,;自動追加
243,TEQUIP:アイマスク,;自動追加
44,TEQUIP:縄,;自動追加
45,TEQUIP:ボールギャグ,;自動追加
46,TEQUIP:浣腸セット,;自動追加
47,TEQUIP:助手ボンデージ,;自動追加
49,TEQUIP:アナル電極,;自動追加
53,TEQUIP:撮影中,;自動追加
54,TEQUIP:野外プレイ,;自動追加
57,TEQUIP:羞恥大鏡プレイ,;自動追加
58,TEQUIP:お風呂場プレイ,;自動追加
59,TEQUIP:コスプレ,;自動追加
70,TEQUIP:三角木馬騎乗,;自動追加
89,TEQUIP:獣姦プレイ,;自動追加
90,TEQUIP:触手召喚,;自動追加
98,TEQUIP:触手口辱,;自動追加
150,TEQUIP:スライム生成,;自動追加
151,TEQUIP:スライム膣内進入,;自動追加
152,TEQUIP:スライム肛門進入,;自動追加
154,TEQUIP:スライム口辱,;自動追加
220,TEQUIP:体位,;自動追加
221,TEQUIP:Ｖ挿入,;自動追加
222,TEQUIP:Ａ挿入,;自動追加
223,TEQUIP:尿道挿入,;自動追加
225,TEQUIP:弛緩,;自動追加
226,TEQUIP:特殊行動,;自動追加
227,TEQUIP:コンドーム,;自動追加
228,TEQUIP:排卵誘発剤,;自動追加
230,TEQUIP:押し倒し,;自動追加
232,TEQUIP:Ｗ押し倒し,;自動追加
233,TEQUIP:甘い言葉,;自動追加
235,TEQUIP:室内露出プレイ,;自動追加
236,TEQUIP:逆調教,;自動追加
237,TEQUIP:自慰する,;自動追加
240,TEQUIP:ディープスロート,;自動追加
242,TEQUIP:鼻フック,;自動追加
244,TEQUIP:拘束,;自動追加
245,TEQUIP:口枷,;自動追加
246,TEQUIP:浣腸,;自動追加
247,TEQUIP:精液浣腸,;自動追加
248,TEQUIP:温泉浣腸,;自動追加
249,TEQUIP:尿道ブジー,;自動追加
250,TEQUIP:ローション,;自動追加
251,TEQUIP:媚薬,;自動追加
252,TEQUIP:利尿剤,;自動追加
253,TEQUIP:ビデオカメラ,;自動追加
254,TEQUIP:野外プレイ;0bit 人里,;自動追加
255,TEQUIP:女王様プレイ,;自動追加
258,TEQUIP:お風呂プレイ,;自動追加
259,TEQUIP:新妻プレイ,;自動追加
260,TEQUIP:３Ｐ,;自動追加
261,TEQUIP:お風呂上り,;自動追加
262,TEQUIP:電話中,;自動追加
263,TEQUIP:エーテル,;自動追加
269,TEQUIP:シックスナイン,;自動追加
270,TEQUIP:足コキ,;自動追加
284,TEQUIP:手加減,;自動追加
0,FLAG:休憩,;自動追加
1,FLAG:前回調教対象,;自動追加
2,FLAG:前回助手,;自動追加
3,FLAG:期限日数,;自動追加
4,FLAG:目標金額,;自動追加
5,FLAG:難易度,;自動追加
6,FLAG:指導テキスト設定,;自動追加
7,FLAG:口上使用,;自動追加
8,FLAG:定期イベント,;自動追加
9,FLAG:説明文フラグ,;自動追加
10,FLAG:周回数,;自動追加
11,FLAG:撮影内容1,;自動追加
12,FLAG:撮影内容2,;自動追加
13,FLAG:撮影内容3,;自動追加
14,FLAG:撮影内容4,;自動追加
15,FLAG:撮影内容5,;自動追加
16,FLAG:撮影内容6,;自動追加
17,FLAG:撮影内容7,;自動追加
18,FLAG:撮影内容8,;自動追加
19,FLAG:撮影内容9,;自動追加
20,FLAG:撮影内容10,;自動追加
21,FLAG:撮影内容11,;自動追加
22,FLAG:撮影開始時状況,;自動追加
23,FLAG:事務所規模,;自動追加
24,FLAG:EASY経由,;自動追加
30,FLAG:陥落人数,;自動追加
31,FLAG:殺害人数,;自動追加
32,FLAG:恋心子供,;自動追加
33,FLAG:技巧アイテム,;自動追加
34,FLAG:アイテム自動購入,;自動追加
35,FLAG:瀕死時自動終了,;自動追加
36,FLAG:陰毛を生やす,;自動追加
37,FLAG:着衣使用,;自動追加
38,FLAG:ＩＷＳなし,;自動追加
39,FLAG:ロリコンなし,;自動追加
40,FLAG:警備員人数,;自動追加
41,FLAG:特殊営業フラグ,;自動追加
42,FLAG:特殊営業参加人数,;自動追加
47,FLAG:娼館勲章,;自動追加
48,FLAG:娼館拡張,;自動追加
49,FLAG:奴隷接待相手性癖,;自動追加
50,FLAG:特殊営業で夜の部を開催フラグ,;自動追加
51,FLAG:特殊営業時のキャラの相性,;自動追加
52,FLAG:特殊営業時お揃い衣装,;自動追加
53,FLAG:特殊営業タイプ詳細,;自動追加
60,FLAG:妊娠なし,;自動追加
61,FLAG:１日あたりにお香を購入した数,;自動追加
68,FLAG:ロリコン,;自動追加
70,FLAG:失神なし,;自動追加
71,FLAG:追加コマンドなし,;自動追加
72,FLAG:精飲絶頂なし,;自動追加
73,FLAG:強化素質なし,;自動追加
74,FLAG:加齢フラグ,;自動追加
75,FLAG:常時発情なし,;自動追加
76,FLAG:薬品自動投与,;自動追加
77,FLAG:処女確認,;自動追加
78,FLAG:Ａ処女確認,;自動追加
79,FLAG:初キス確認,;自動追加
80,FLAG:かなで相手童貞喪失,;自動追加
90,FLAG:求人広告回数,;自動追加
100,FLAG:女子寮建設,;自動追加
101,FLAG:女子寮拡張,;自動追加
110,FLAG:恋心レズ経験無視,;自動追加
120,FLAG:歌姫の騎士団,;自動追加
121,FLAG:売れ筋操作1,;自動追加
122,FLAG:売れ筋操作2,;自動追加
123,FLAG:売れ筋操作3,;自動追加
125,FLAG:売れ筋操作中,;自動追加
126,FLAG:来月売れ筋,;自動追加
140,FLAG:性器形状変化なし,;自動追加
160,FLAG:淫語なし,;自動追加
200,FLAG:汎用女優カウント,;自動追加
300,FLAG:治安悪化,;自動追加
301,FLAG:治安悪化レベル,;自動追加
500,FLAG:有名男優契約,;自動追加
501,FLAG:男優契約,;自動追加
502,FLAG:あゆむ男優契約,;自動追加
504,FLAG:黒人男優契約,;自動追加
505,FLAG:桔梗男優契約,;自動追加
506,FLAG:かなで男優契約,;自動追加
540,FLAG:寝取られなし,;自動追加
541,FLAG:チャラ男固定,;自動追加
542,FLAG:黒ギャルプライベート抑制,;自動追加
545,FLAG:愛を誓った黒ギャルの遊びを許す,;自動追加
546,FLAG:特殊営業解禁,;自動追加
547,FLAG:はるうられ解放,;自動追加
548,FLAG:借金完済ボーナス受け取り,;自動追加
549,FLAG:貞操帯自動着脱,;自動追加
550,FLAG:報奨金受け取り,;自動追加
551,FLAG:第三の幼馴染ボーナス受け取り,;自動追加
552,FLAG:ＢＩＧ３ボーナス受け取り,;自動追加
553,FLAG:処女厨ボーナス受け取り,;自動追加
554,FLAG:アイドルユニット結成,;自動追加
555,FLAG:俺妹ビッチボーナス受け取り,;自動追加
556,FLAG:弁当,;自動追加
557,FLAG:習い事人数,;自動追加
558,FLAG:もっと姉ボーナス受け取り,;自動追加
559,FLAG:とらぶるサッキュバスボーナス受け取り,;自動追加
560,FLAG:売れ筋,;自動追加
561,FLAG:HAERETICUSボーナス受け取り,;自動追加
562,FLAG:みやまけボーナス受け取り,;自動追加
563,FLAG:FALLENANGELSボーナス受け取り,;自動追加
564,FLAG:ふたなりっ娘ボーナス受け取り,;自動追加
565,FLAG:エレンミッション失敗,;自動追加
566,FLAG:借金チャラ,;自動追加
567,FLAG:彼氏選択,;自動追加
568,FLAG:ペニス選択,;自動追加
569,FLAG:露出癖,;自動追加
570,FLAG:ミッションモード解禁,;自動追加
600,FLAG:治安巡回,;自動追加
613,FLAG:合コン,;自動追加
1050,FLAG:求人広告費用,;自動追加
1065,FLAG:朝起こしてもらう,;自動追加
1130,FLAG:さち加入イベント,;自動追加
1131,FLAG:さち加入イベント発生済み,;自動追加
1132,FLAG:姫乃加入イベント,;自動追加
1133,FLAG:姫乃加入イベント発生済み,;自動追加
1134,FLAG:環加入イベント,;自動追加
1135,FLAG:環加入イベント発生済み,;自動追加
1136,FLAG:マルチナ加入イベント,;自動追加
1137,FLAG:マルチナ加入イベント発生済み,;自動追加
1138,FLAG:歌音超時空アイドルルート,;自動追加
1230,FLAG:元カノ存在,;自動追加
1231,FLAG:今カノ存在,;自動追加
1240,FLAG:元カノ加入パターン,;自動追加
1634,FLAG:キャバ嬢契約,;自動追加
1660,FLAG:神那悠喜仲間救出,;自動追加
1694,FLAG:リーナスタッフ動向調査,;自動追加
1703,FLAG:淫魔召還回数,;自動追加
1704,FLAG:歌音紹介雇用,;自動追加
1709,FLAG:新型アンドロイド製作,;自動追加
1712,FLAG:リーナ雇用,;自動追加
1720,FLAG:淫魔化判定,;自動追加
1750,FLAG:エレン紹介雇用,;自動追加
1753,FLAG:はるうられ雇用,;自動追加
1758,FLAG:教会組雇用,;自動追加
1761,FLAG:加瀬芙美香雇用,;自動追加
1770,FLAG:ミッション受領中,;自動追加
2023,FLAG:ムード,;自動追加
5000,FLAG:曜日,;自動追加
0,TFLAG:口で射精,;自動追加
1,TFLAG:手で射精,;自動追加
2,TFLAG:セックスで射精,;自動追加
136,TFLAG:処女喪失,;自動追加
4,TFLAG:キスで射精,;自動追加
5,TFLAG:クンニで射精,;自動追加
6,TFLAG:助手が射精,;自動追加
7,TFLAG:主人が助手を犯すで射精,;自動追加
8,TFLAG:フェラで射精後,;自動追加
9,TFLAG:素股で射精,;自動追加
10,TFLAG:調教対象が射精,;自動追加
11,TFLAG:調教対象が噴乳,;自動追加
12,TFLAG:逆レイプで射精,;自動追加
134,TFLAG:初キス,;自動追加
14,TFLAG:近親相姦,;自動追加
15,TFLAG:触手が射精,;自動追加
16,TFLAG:犬が射精,;自動追加
133,TFLAG:童貞喪失,;自動追加
18,TFLAG:足で射精,;自動追加
19,TFLAG:V経験を伴うコマンド,;自動追加
20,TFLAG:主人による処女喪失,;自動追加
21,TFLAG:反発刻印,;自動追加
22,TFLAG:苦痛刻印,;自動追加
23,TFLAG:快楽刻印,;自動追加
24,TFLAG:屈服刻印,;自動追加
25,TFLAG:抑圧抵抗の消滅,;自動追加
26,TFLAG:奉仕快楽経験,;自動追加
27,TFLAG:苦痛快楽経験,;自動追加
29,TFLAG:絶頂の強度,;自動追加
30,TFLAG:主人経験,;自動追加
31,TFLAG:今回の調教で処女喪失,;自動追加
32,TFLAG:ビデオ撮影内容,;自動追加
34,TFLAG:撮影中死亡,;自動追加
35,TFLAG:搾乳中,;自動追加
38,TFLAG:調教対象の膣内に射精,;自動追加
40,TFLAG:３Ｐのときの主人のコマンド,;自動追加
41,TFLAG:３Ｐのときの助手のコマンド,;自動追加
42,TFLAG:３Ｐ継続中,;自動追加
45,TFLAG:下着着衣下が穿けない状態になっている,;自動追加
47,TFLAG:上着上汚れ,;自動追加
48,TFLAG:上着下汚れ,;自動追加
49,TFLAG:特別コスチューム汚れ,;自動追加
50,TFLAG:前回の調教者が助手,;自動追加
59,TFLAG:前々回のコマンド,;自動追加
60,TFLAG:挿しっぱなし,;自動追加
70,TFLAG:ビデオ撮影回数,;自動追加
90,TFLAG:ビデオ撮影時の調教内容,;自動追加
100,TFLAG:快楽経験,;自動追加
101,TFLAG:Ａ挿入判定,;自動追加
110,TFLAG:精愛味覚取得用のフラグ,;自動追加
130,TFLAG:日焼けさせる,;自動追加
131,TFLAG:Ａ処女喪失,;自動追加
132,TFLAG:ビデオ撮影内容2,;自動追加
135,TFLAG:初キス口以外,;自動追加
137,TFLAG:ビデオ配信,;自動追加
150,TFLAG:反発刻印の回避,;自動追加
160,TFLAG:特殊タイトル,;自動追加
180,TFLAG:コスプレ衣装,;自動追加
200,TFLAG:屈服刻印2,;自動追加
300,TFLAG:面接性別,;自動追加
301,TFLAG:面接年齢,;自動追加
302,TFLAG:面接誕生月,;自動追加
303,TFLAG:面接誕生日,;自動追加
304,TFLAG:面接血液型,;自動追加
305,TFLAG:面接職業,;自動追加
306,TFLAG:面接髪色,;自動追加
307,TFLAG:面接髪型,;自動追加
308,TFLAG:面接胸,;自動追加
309,TFLAG:面接恋人,;自動追加
310,TFLAG:面接NTR進行度上限,;自動追加
311,TFLAG:面接初キス,;自動追加
312,TFLAG:面接セックス経験,;自動追加
313,TFLAG:面接アナル経験,;自動追加
314,TFLAG:面接性格,;自動追加
315,TFLAG:面接陰毛,;自動追加
316,TFLAG:面接乙女,;自動追加
317,TFLAG:面接痛み,;自動追加
318,TFLAG:面接濡れやすい,;自動追加
319,TFLAG:面接大柄,;自動追加
320,TFLAG:面接ギャラ,;自動追加
321,TFLAG:面接肥満,;自動追加
330,TFLAG:面接体力,;自動追加
331,TFLAG:面接気力,;自動追加
400,TFLAG:口上番号,;自動追加
500,TFLAG:AV撮影時の男優の種類,;自動追加
501,TFLAG:AV撮影時の撮影内容,;自動追加
502,TFLAG:AV撮影時のＡ処女喪失系プレイ,;自動追加
503,TFLAG:AV撮影時の初キスフラグ,;自動追加
600,TFLAG:助手を犯す処女喪失,;自動追加
800,TFLAG:気力回復,;自動追加
820,TFLAG:現在膣内射精回数,;自動追加
860,TFLAG:失神回復,;自動追加
895,TFLAG:失神中,;自動追加
896,TFLAG:恐怖強,;自動追加
897,TFLAG:複数強絶頂,;自動追加
898,TFLAG:苦痛強,;自動追加
899,TFLAG:失神中終了,;自動追加
901,TFLAG:基礎補正,;自動追加
1,CFLAG:売却助手可能,;自動追加
2,CFLAG:好感度,;自動追加
3,CFLAG:公開自慰済,;自動追加
4,CFLAG:浣腸経験,;自動追加
5,CFLAG:野外露出済,;自動追加
6,CFLAG:陰毛状態,;自動追加
7,CFLAG:ピアス状況,;自動追加
10,CFLAG:調教回数,;自動追加
12,CFLAG:営業内容,;自動追加
13,CFLAG:営業コンドーム,;自動追加
16,CFLAG:労役妊娠回避,;自動追加
17,CFLAG:娼館デビュー,;自動追加
20,CFLAG:口上表示,;自動追加
25,CFLAG:ミッション期間,;自動追加
26,CFLAG:コンドーム使用禁止,;自動追加
28,CFLAG:アイドル引退,;自動追加
31,CFLAG:媚薬残留,;自動追加
32,CFLAG:媚薬使用,;自動追加
34,CFLAG:剛毛剤使用,;自動追加
36,CFLAG:カップサイズ,;自動追加
40,CFLAG:着衣状態,;自動追加
41,CFLAG:上着タイプ,;自動追加
42,CFLAG:特別コスタイプ,;自動追加
43,CFLAG:パンツ状態,;自動追加
44,CFLAG:ブラジャー状態,;自動追加
45,CFLAG:上着上状態,;自動追加
46,CFLAG:上着下状態,;自動追加
47,CFLAG:特別コス状態,;自動追加
48,CFLAG:パンツ継続日数,;自動追加
49,CFLAG:貞操帯鍵廃棄,;自動追加
50,CFLAG:売春処女喪失,;自動追加
51,CFLAG:Ｖ売春否定,;自動追加
52,CFLAG:Ａ売春否定,;自動追加
53,CFLAG:便所公開浣腸,;自動追加
54,CFLAG:売春Ｖ不能,;自動追加
60,CFLAG:朝フェラ係,;自動追加
70,CFLAG:性転換済,;自動追加
71,CFLAG:処女膜再生回数,;自動追加
81,CFLAG:潤滑蓄積量,;自動追加
82,CFLAG:欲情蓄積量,;自動追加
101,CFLAG:妊娠精子,;自動追加
102,CFLAG:主奴膣内精子量,;自動追加
103,CFLAG:助奴膣内精子量,;自動追加
104,CFLAG:奴助膣内精子量,;自動追加
105,CFLAG:客奴膣内精子量,;自動追加
106,CFLAG:獣奴膣内精子量,;自動追加
107,CFLAG:触奴膣内精子量,;自動追加
109,CFLAG:排卵促進剤使用,;自動追加
110,CFLAG:出産日,;自動追加
111,CFLAG:妊娠精子キャラ番号,;自動追加
112,CFLAG:抱卵判定,;自動追加
121,CFLAG:妊娠増加体重,;自動追加
122,CFLAG:妊娠増加バストIWS除く,;自動追加
123,CFLAG:妊娠増加ウェスト,;自動追加
124,CFLAG:妊娠増加ヒップ,;自動追加
130,CFLAG:特殊営業参加,;自動追加
140,CFLAG:入寮中,;自動追加
141,CFLAG:寮施設利用,;自動追加
155,CFLAG:海デート,;自動追加
170,CFLAG:靴下タイプ,;自動追加
171,CFLAG:靴タイプ,;自動追加
173,CFLAG:靴下着用,;自動追加
174,CFLAG:ブラの色,;自動追加
175,CFLAG:ブラタイプ,;自動追加
176,CFLAG:パンツの色,;自動追加
177,CFLAG:パンツタイプ,;自動追加
178,CFLAG:予備衣装,;自動追加
580,CFLAG:強制精飲絶頂,;自動追加
600,CFLAG:髪色,;自動追加
601,CFLAG:染髪済,;自動追加
602,CFLAG:髪型,;自動追加
603,CFLAG:地毛色,;自動追加
606,CFLAG:タトゥー,;自動追加
607,CFLAG:腋毛,;自動追加
608,CFLAG:性器,;自動追加
609,CFLAG:ペニスサイズ,;自動追加
611,CFLAG:包皮状態,;自動追加
613,CFLAG:合コン参加,;自動追加
614,CFLAG:日焼効果,;自動追加
618,CFLAG:タバコ,;自動追加
619,CFLAG:NTR進行,;自動追加
620,CFLAG:NTR完了値,;自動追加
621,CFLAG:彼氏有,;自動追加
622,CFLAG:彼氏タイプ,;自動追加
623,CFLAG:ラブホ,;自動追加
624,CFLAG:彼氏とのセックスの有無,;自動追加
625,CFLAG:彼氏好みファッション,;自動追加
626,CFLAG:服装変更の判定用,;自動追加
628,CFLAG:交際終了,;自動追加
633,CFLAG:護衛,;自動追加
644,CFLAG:安全日,;自動追加
645,CFLAG:危険日,;自動追加
660,CFLAG:スタッフNTR実行,;自動追加
661,CFLAG:スタッフNTR進行度,;自動追加
663,CFLAG:スタッフNTR抹殺,;自動追加
671,CFLAG:弁当係,;自動追加
672,CFLAG:ユニット加入なし,;自動追加
680,CFLAG:エステ通い,;自動追加
681,CFLAG:ジム通い,;自動追加
682,CFLAG:塾通い,;自動追加
683,CFLAG:アニメチェック,;自動追加
684,CFLAG:習い事,;自動追加
690,CFLAG:痴漢誘惑,;自動追加
691,CFLAG:セフレ容認,;自動追加
700,CFLAG:体力増強剤投与回数,;自動追加
701,CFLAG:気力増強剤投与回数,;自動追加
730,CFLAG:総売上,;自動追加
731,CFLAG:代表作売上,;自動追加
732,CFLAG:最新作売上,;自動追加
733,CFLAG:デビュー作売上,;自動追加
734,CFLAG:AVファン人数,;自動追加
760,CFLAG:前回誕生日プレゼント,;自動追加
801,CFLAG:バイト,;自動追加
810,CFLAG:処女喪失相手,;自動追加
811,CFLAG:処女喪失年齢,;自動追加
812,CFLAG:処女喪失月,;自動追加
813,CFLAG:処女喪失日,;自動追加
814,CFLAG:処女喪失場所,;自動追加
815,CFLAG:処女喪失状況,;自動追加
817,CFLAG:処女喪失誕生日記念,;自動追加
820,CFLAG:初キス相手,;自動追加
821,CFLAG:初キス喪失年齢,;自動追加
822,CFLAG:初キス喪失月,;自動追加
823,CFLAG:初キス喪失日,;自動追加
824,CFLAG:初キス喪失場所,;自動追加
825,CFLAG:初キス喪失状況,;自動追加
827,CFLAG:初キス喪失誕生日記念,;自動追加
830,CFLAG:Ａ処女喪失相手,;自動追加
831,CFLAG:Ａ処女喪失年齢,;自動追加
832,CFLAG:Ａ処女喪失月,;自動追加
833,CFLAG:Ａ処女喪失日,;自動追加
834,CFLAG:Ａ処女喪失場所,;自動追加
835,CFLAG:Ａ処女喪失状況,;自動追加
837,CFLAG:Ａ処女喪失誕生日記念,;自動追加
840,CFLAG:童貞喪失相手,;自動追加
841,CFLAG:童貞喪失年齢,;自動追加
842,CFLAG:童貞喪失月,;自動追加
843,CFLAG:童貞喪失日,;自動追加
844,CFLAG:童貞喪失場所,;自動追加
845,CFLAG:童貞喪失状況,;自動追加
847,CFLAG:童貞喪失誕生日記念,;自動追加
900,CFLAG:性別,;自動追加
901,CFLAG:体型,;自動追加
902,CFLAG:卑語指導,;自動追加
1000,CFLAG:値段,;自動追加
1001,CFLAG:複数購入可,;自動追加
1011,CFLAG:誕生月,;自動追加
1012,CFLAG:誕生日,;自動追加
1013,CFLAG:血液型,;自動追加
1021,CFLAG:外見年齢,;自動追加
1022,CFLAG:概算年齢,;自動追加
1023,CFLAG:実年齢,;自動追加
0,PALAM:恭順,;自動追加
1,PALAM:欲情,;自動追加
2,PALAM:屈服,;自動追加
3,PALAM:習得,;自動追加
4,PALAM:恥情,;自動追加
5,PALAM:苦痛,;自動追加
6,PALAM:恐怖,;自動追加
7,PALAM:反感,;自動追加
8,PALAM:潤滑,;自動追加
9,PALAM:不快,;自動追加
10,PALAM:抑鬱,;自動追加
11,PALAM:享楽,;自動追加
12,PALAM:快Ｃ,;自動追加
13,PALAM:快Ｖ,;自動追加
14,PALAM:快Ａ,;自動追加
15,PALAM:快Ｂ,;自動追加
20,PALAM:Ｖ潤,;自動追加
21,PALAM:Ａ潤,;自動追加
22,PALAM:Ｐ潤,;自動追加
30,PALAM:膣内精液量,;自動追加
31,PALAM:腸内精液量,;自動追加
32,PALAM:Extacy,;自動追加
33,PALAM:連続絶頂COMBO数,;自動追加
34,PALAM:絶頂回数,;自動追加
35,PALAM:補正値,;自動追加
36,PALAM:絶頂部位の記録,;自動追加
40,PALAM:快Ｃボーナス,;自動追加
41,PALAM:快Ｖボーナス,;自動追加
42,PALAM:快Ａボーナス,;自動追加
43,PALAM:快Ｂボーナス,;自動追加
100,PALAM:否定,;自動追加
0,JUEL:恭順,;自動追加
1,JUEL:欲情,;自動追加
2,JUEL:屈服,;自動追加
3,JUEL:習得,;自動追加
4,JUEL:恥情,;自動追加
5,JUEL:苦痛,;自動追加
6,JUEL:恐怖,;自動追加
7,JUEL:反感,;自動追加
8,JUEL:潤滑,;自動追加
9,JUEL:不快,;自動追加
10,JUEL:抑鬱,;自動追加
11,JUEL:享楽,;自動追加
12,JUEL:快Ｃ,;自動追加
13,JUEL:快Ｖ,;自動追加
14,JUEL:快Ａ,;自動追加
15,JUEL:快Ｂ,;自動追加
20,JUEL:Ｖ潤,;自動追加
21,JUEL:Ａ潤,;自動追加
22,JUEL:Ｐ潤,;自動追加
30,JUEL:膣内精液量,;自動追加
31,JUEL:腸内精液量,;自動追加
32,JUEL:Extacy,;自動追加
33,JUEL:連続絶頂COMBO数,;自動追加
34,JUEL:絶頂回数,;自動追加
35,JUEL:補正値,;自動追加
36,JUEL:絶頂部位の記録,;自動追加
40,JUEL:快Ｃボーナス,;自動追加
41,JUEL:快Ｖボーナス,;自動追加
42,JUEL:快Ａボーナス,;自動追加
43,JUEL:快Ｂボーナス,;自動追加
100,JUEL:否定,;自動追加
0,GOTJUEL:恭順,;自動追加
1,GOTJUEL:欲情,;自動追加
2,GOTJUEL:屈服,;自動追加
3,GOTJUEL:習得,;自動追加
4,GOTJUEL:恥情,;自動追加
5,GOTJUEL:苦痛,;自動追加
6,GOTJUEL:恐怖,;自動追加
7,GOTJUEL:反感,;自動追加
8,GOTJUEL:潤滑,;自動追加
9,GOTJUEL:不快,;自動追加
10,GOTJUEL:抑鬱,;自動追加
11,GOTJUEL:享楽,;自動追加
12,GOTJUEL:快Ｃ,;自動追加
13,GOTJUEL:快Ｖ,;自動追加
14,GOTJUEL:快Ａ,;自動追加
15,GOTJUEL:快Ｂ,;自動追加
20,GOTJUEL:Ｖ潤,;自動追加
21,GOTJUEL:Ａ潤,;自動追加
22,GOTJUEL:Ｐ潤,;自動追加
30,GOTJUEL:膣内精液量,;自動追加
31,GOTJUEL:腸内精液量,;自動追加
32,GOTJUEL:Extacy,;自動追加
33,GOTJUEL:連続絶頂COMBO数,;自動追加
34,GOTJUEL:絶頂回数,;自動追加
35,GOTJUEL:補正値,;自動追加
36,GOTJUEL:絶頂部位の記録,;自動追加
40,GOTJUEL:快Ｃボーナス,;自動追加
41,GOTJUEL:快Ｖボーナス,;自動追加
42,GOTJUEL:快Ａボーナス,;自動追加
43,GOTJUEL:快Ｂボーナス,;自動追加
100,GOTJUEL:否定,;自動追加
0,SOURCE:恭順,;自動追加
1,SOURCE:欲情,;自動追加
2,SOURCE:屈服,;自動追加
3,SOURCE:習得,;自動追加
4,SOURCE:恥情,;自動追加
5,SOURCE:苦痛,;自動追加
6,SOURCE:恐怖,;自動追加
7,SOURCE:反感,;自動追加
8,SOURCE:潤滑,;自動追加
9,SOURCE:不快,;自動追加
10,SOURCE:抑鬱,;自動追加
11,SOURCE:享楽,;自動追加
12,SOURCE:快Ｃ,;自動追加
13,SOURCE:快Ｖ,;自動追加
14,SOURCE:快Ａ,;自動追加
15,SOURCE:快Ｂ,;自動追加
20,SOURCE:Ｖ潤,;自動追加
21,SOURCE:Ａ潤,;自動追加
22,SOURCE:Ｐ潤,;自動追加
30,SOURCE:膣内精液量,;自動追加
31,SOURCE:腸内精液量,;自動追加
32,SOURCE:Extacy,;自動追加
33,SOURCE:連続絶頂COMBO数,;自動追加
34,SOURCE:絶頂回数,;自動追加
35,SOURCE:補正値,;自動追加
36,SOURCE:絶頂部位の記録,;自動追加
40,SOURCE:快Ｃボーナス,;自動追加
41,SOURCE:快Ｖボーナス,;自動追加
42,SOURCE:快Ａボーナス,;自動追加
43,SOURCE:快Ｂボーナス,;自動追加
100,SOURCE:否定,;自動追加
0,TCVAR:Ｖ経験,;自動追加
1,TCVAR:Ａ経験,;自動追加
2,TCVAR:絶頂経験,;自動追加
3,TCVAR:射精経験,;自動追加
4,TCVAR:挿入経験,;自動追加
5,TCVAR:性交経験,;自動追加
8,TCVAR:精飲絶頂経験,;自動追加
9,TCVAR:監督経験,;自動追加
10,TCVAR:自慰経験,;自動追加
11,TCVAR:調教自慰経験,;自動追加
12,TCVAR:野外露出経験,;自動追加
13,TCVAR:Ｃ開発経験,;自動追加
14,TCVAR:Ｂ開発経験,;自動追加
15,TCVAR:Ｖ開発経験,;自動追加
16,TCVAR:Ａ開発経験,;自動追加
20,TCVAR:精液経験,;自動追加
21,TCVAR:奉仕快楽経験,;自動追加
22,TCVAR:フェラ経験,;自動追加
23,TCVAR:愛情経験,;自動追加
30,TCVAR:被虐快楽経験,;自動追加
31,TCVAR:放尿経験,;自動追加
32,TCVAR:Ａ快楽経験,;自動追加
33,TCVAR:嗜虐快楽経験,;自動追加
34,TCVAR:Ｃ経験,;自動追加
35,TCVAR:Ｂ経験,;自動追加
40,TCVAR:レズ経験,;自動追加
41,TCVAR:ＢＬ経験,;自動追加
50,TCVAR:異常経験,;自動追加
51,TCVAR:緊縛経験,;自動追加
52,TCVAR:Ｖ拡張経験,;自動追加
53,TCVAR:Ａ拡張経験,;自動追加
54,TCVAR:噴乳経験,;自動追加
55,TCVAR:触手経験,;自動追加
56,TCVAR:獣姦経験,;自動追加
57,TCVAR:薬物経験,;自動追加
58,TCVAR:乳姦経験,;自動追加
59,TCVAR:産卵経験,;自動追加
60,TCVAR:出産経験,;自動追加
61,TCVAR:料理経験,;自動追加
65,TCVAR:調教失神経験,;自動追加
70,TCVAR:被写経験,;自動追加
71,TCVAR:歌唱経験,;自動追加
72,TCVAR:舞踊経験,;自動追加
73,TCVAR:会話経験,;自動追加
74,TCVAR:売春経験,;自動追加
75,TCVAR:営業愛情経験,;自動追加
76,TCVAR:ＡＶ出演経験,;自動追加
77,TCVAR:アルバイト経験,;自動追加
78,TCVAR:接客経験,;自動追加
79,TCVAR:モデル経験,;自動追加
80,TCVAR:指名経験,;自動追加
81,TCVAR:アフター経験,;自動追加
82,TCVAR:声優経験,;自動追加
83,TCVAR:作画経験,;自動追加
84,TCVAR:治験経験,;自動追加
90,TCVAR:貢献度,;自動追加
91,TCVAR:人気,;自動追加
92,TCVAR:補導経験,;自動追加
101,TCVAR:彼氏性経験,;自動追加
102,TCVAR:コスプレ経験,;自動追加
103,TCVAR:痴漢経験,;自動追加
104,TCVAR:セフレ性経験,;自動追加
105,TCVAR:強姦回数,;自動追加
107,TCVAR:キャラ売却経験（MASTER）,;自動追加
108,TCVAR:スタッフ寝取られ経験,;自動追加
109,TCVAR:交際人数,;自動追加
110,TCVAR:ＲＢ団性格改善経験,;自動追加
111,TCVAR:イメチェン回数,;自動追加
112,TCVAR:卑語指導回数,;自動追加
120,TCVAR:美容トレーニング経験,;自動追加
121,TCVAR:運動トレーニング経験,;自動追加
122,TCVAR:学業トレーニング経験,;自動追加
123,TCVAR:オタクトレーニング経験,;自動追加
124,TCVAR:スペシャルエステ使用経験,;自動追加
130,TCVAR:歌音アルバイト,;自動追加
131,TCVAR:沙織アルバイト,;自動追加
132,TCVAR:ゆか子アルバイト,;自動追加
133,TCVAR:春乃アルバイト,;自動追加
134,TCVAR:エレナアルバイト,;自動追加
135,TCVAR:アイーシャアルバイト,;自動追加
136,TCVAR:音羽アルバイト,;自動追加
137,TCVAR:真理アルバイト,;自動追加
209,TCVAR:体位メモ,;自動追加
220,TCVAR:奉仕快楽フラグ,;自動追加
221,TCVAR:嗜虐快楽フラグ,;自動追加
222,TCVAR:羞恥快楽フラグ,;自動追加
223,TCVAR:被虐快楽フラグ,;自動追加
228,TCVAR:やる気,;自動追加
310,TCVAR:受精確率,;自動追加
351,TCVAR:PREVPLAY,;自動追加
600,TCVAR:情愛,;自動追加
601,TCVAR:性行動,;自動追加
602,TCVAR:達成感,;自動追加
603,TCVAR:痛み,;自動追加
604,TCVAR:充足,;自動追加
605,TCVAR:不潔,;自動追加
606,TCVAR:露出,;自動追加
607,TCVAR:屈従,;自動追加
608,TCVAR:逸脱,;自動追加
609,TCVAR:恐れ,;自動追加
610,TCVAR:Ｃ快楽,;自動追加
611,TCVAR:Ｖ快楽,;自動追加
612,TCVAR:Ａ快楽,;自動追加
613,TCVAR:Ｂ快楽,;自動追加
616,TCVAR:Ｖ液体追加,;自動追加
617,TCVAR:Ａ液体追加,;自動追加
618,TCVAR:Ｐ液体追加,;自動追加
619,TCVAR:恭順追加,;自動追加
620,TCVAR:欲情追加,;自動追加
621,TCVAR:反感追加,;自動追加
630,TCVAR:恭順,;自動追加
631,TCVAR:欲情,;自動追加
632,TCVAR:屈服,;自動追加
633,TCVAR:習得,;自動追加
634,TCVAR:恥情,;自動追加
635,TCVAR:苦痛,;自動追加
636,TCVAR:恐怖,;自動追加
637,TCVAR:反感,;自動追加
640,TCVAR:快Ｃ,;自動追加
641,TCVAR:快Ｖ,;自動追加
642,TCVAR:快Ａ,;自動追加
643,TCVAR:快Ｂ,;自動追加
650,TCVAR:Ｖ潤,;自動追加
651,TCVAR:Ａ潤,;自動追加
652,TCVAR:Ｐ潤,;自動追加
670,TCVAR:Ｃ快楽記録,;自動追加
671,TCVAR:Ｖ快楽記録,;自動追加
672,TCVAR:Ａ快楽記録,;自動追加
673,TCVAR:Ｂ快楽記録,;自動追加
0,CSTR:処女喪失相手,;自動追加
1,CSTR:初キス相手,;自動追加
2,CSTR:童貞喪失相手,;自動追加
3,CSTR:Ａ処女喪失相手,;自動追加
4,CSTR:略名,;自動追加
6,CSTR:タバコの銘柄,;自動追加
7,CSTR:彼氏姓,;自動追加
8,CSTR:彼氏名,;自動追加
9,CSTR:一人称,;自動追加
10,CSTR:デビュー作タイトル1,;自動追加
11,CSTR:デビュー作タイトル2,;自動追加
20,CSTR:代表作タイトル1,;自動追加
21,CSTR:代表作タイトル2,;自動追加
30,CSTR:新作タイトル1,;自動追加
31,CSTR:新作タイトル2,;自動追加
41,CSTR:称号1,;自動追加
42,CSTR:称号2,;自動追加
47,CSTR:セフレ姓,;自動追加
48,CSTR:セフレ名,;自動追加
60,CSTR:妊娠精液,;自動追加
70,CSTR:タトゥー1場所,;自動追加
71,CSTR:タトゥー1モチーフ,;自動追加
72,CSTR:タトゥー2場所,;自動追加
73,CSTR:タトゥー2モチーフ,;自動追加
74,CSTR:タトゥー3場所,;自動追加
75,CSTR:タトゥー3モチーフ,;自動追加
76,CSTR:タトゥー4場所,;自動追加
77,CSTR:タトゥー4モチーフ,;自動追加
78,CSTR:タトゥー5場所,;自動追加
79,CSTR:タトゥー5モチーフ,;自動追加
80,CSTR:男性器呼び方,;自動追加
81,CSTR:女性器呼び方,;自動追加
82,CSTR:肛門呼び方,;自動追加
83,CSTR:男性器呼び方指導,;自動追加
84,CSTR:女性器呼び方指導,;自動追加
85,CSTR:肛門呼び方指導,;自動追加
90,CSTR:親族関係,;自動追加
91,CSTR:相性,;自動追加
100,CSTR:女優名鑑テキスト,;自動追加
101,CSTR:購入紹介テキスト,;自動追加
109,CSTR:性転換前の素質,;自動追加
120,CSTR:属性,;自動追加
121,CSTR:性癖,;自動追加
122,CSTR:弱点,;自動追加
130,CSTR:CEVENT,;自動追加
131,CSTR:FIRST_EV,;自動追加
132,CSTR:DEVENT,;自動追加
133,CSTR:NOW_DEVENT,;自動追加
