番号,20
名前,赤羽真理
呼び名,真理
あだ名,ＭＡＲＩ
基礎,体力,1800,
基礎,気力,1600,
基礎,ギャラ,2000,
基礎,魅力値,100,
基礎,実年齢,19,
基礎,誕生月,10,
基礎,誕生日,7,
基礎,血液型,0,
基礎,身長,157,
基礎,体重,46,
基礎,バスト,78,
基礎,ウェスト,58,
基礎,ヒップ,83,
能力,Ｖ感覚,3,
能力,Ｃ感覚,1,
能力,Ｂ感覚,1,
能力,欲望,2,
能力,技巧,2,
能力,露出癖,1,
能力,性交中毒,2,
能力,美容感覚,4,
能力,運動能力,4,
能力,学力,1,
経験,Ｖ経験,40,
経験,絶頂経験,60,
経験,性交経験,40,
経験,自慰経験,30,
経験,野外露出経験,3,
経験,精液経験,68,
経験,フェラ経験,36,
経験,薬物経験,3,
経験,異常経験,1,
経験,彼氏とのＳＥＸ回数,30,
経験,セフレとのSEX回数,10,
経験,交際人数,4,
素質,アナル処女,1,
素質,ナマイキ,1,
素質,プライド低い,1,
素質,ポジティブ,1,
素質,目立ちたがり,1,
素質,貞操無頓着,1,
素質,解放,1,
素質,汚臭鈍感,1,
素質,快感に素直,1,
素質,Ｃ敏感,1,
素質,Ｖ鈍感,1,
素質,貧乳,1,
素質,おしゃれ,1,
素質,アルバイト,1,
素質,惚れっぽい,1,
素質,褐色肌,1,
素質,影響されやすい,1,
素質,喫煙者,1,
素質,ギャル系,1,
フラグ,初体験の相手,8,
フラグ,ファーストキスの相手,1,
フラグ,上着のタイプ,140,
フラグ,靴下の種類,0,
フラグ,靴の種類,15,
フラグ,靴下の着用状態,-1,
フラグ,ブラの色,18,
フラグ,ブラの種類,6,
フラグ,パンツの色,18,
フラグ,パンツの種類,8,
フラグ,髪の色,1,
フラグ,染髪の有無,1,
フラグ,髪型,7,
フラグ,寝取られ完了値,100,
フラグ,値段,600,
CSTR,処女喪失の相手,元カレ,
CSTR,ファーストキスの相手,元カレ,
CSTR,タバコの銘柄,ハイライトメンソール,
CSTR,一人称,ウチ,
相性,0,150,
相性,2,150,
相性,4,150,
相性,13,150,
相性,91,150,
