番号,212
名前,浅神智子
呼び名,智子
あだ名,古清水智
基礎,体力,2100,
基礎,気力,1600,
基礎,ギャラ,800,
基礎,魅力値,120,
基礎,実年齢,15,
基礎,誕生月,5,
基礎,誕生日,31,
基礎,血液型,2,
基礎,身長,168,
基礎,体重,49,
基礎,バスト,96,
基礎,ウェスト,61,
基礎,ヒップ,93,
能力,レズっ気,2,
能力,美容感覚,3,
能力,運動能力,4,
能力,学力,5,
能力,歌唱技能,3,
能力,舞踊技能,3,
能力,オタク知識,3,
素質,処女,1,
素質,アナル処女,1,
素質,素直,1,
素質,大人しい,1,
素質,保守的,1,
素質,ポジティブ,1,
素質,貞操観念,1,
素質,恥じらい,1,
素質,素質,1,
素質,自慰しやすい,1,
素質,中毒しやすい,1,
素質,大柄,1,
素質,Ｃ敏感,1,
素質,Ｂ敏感,1,
素質,爆乳,1,
素質,人気者,1,
素質,歌姫,1,
素質,大和撫子,1,
素質,ミッション,1,
素質,信仰心,1,
素質,高校生,1,
フラグ,初キス相手,-1,
フラグ,ミッション期間,20,
フラグ,着衣状態,15,
フラグ,上着タイプ,17,
フラグ,靴下タイプ,6,
フラグ,靴タイプ,12,
フラグ,ブラの色,19,
フラグ,ブラタイプ,0,
フラグ,パンツの色,19,
フラグ,パンツタイプ,0,
フラグ,髪色,0,
フラグ,染髪済,0,
フラグ,髪型,5,
フラグ,NTR完了値,150,
{
CSTR,女優名鑑テキスト,【浅神 智子】（あさがみ・ともこ）<br>
<font color='#0xDDBBCC' face='あくびん'>「巫女がＡＶに出るなんて……！　それでボカシは薄消し？　モザイク？<br>
まさか無修正なんてことになったら、お手入れしなきゃ……<br>
い、いえ！　何でもありませんよーぅ？　ノリノリなんかじゃないですよーぅ？」</font><br>
<br>
濡れ羽色のロングヘアーで、部活は弓道部に所属していて、なおかつ雛見神社ほどではないものの、それなりに長い歴史を持つ浅神神社の一人娘という大和撫子を地で行く爆乳美少女<br>
だがしかしその性格は残念なことに『ヨゴレ系』とでもいうべきで、巫女にあるまじきカラダネタやエロネタ、外道発言を繰り広げ、果ては授業中に妄想エロ小説を書くほど<br>
更にはオタク文化に多少精通しており、美少女ゲームの売り上げをパッケージを見ただけで予想できるという、無駄な才能を持っている<br>
それを補って余りあるほどの外見の美少女っぷりのおかげか、男子からの人気は同じ大和撫子系としては雛見春乃と二分している<br>
また徳川千和とバンドを結成しており、担当パートはギター<br>
徳川千和は彼女の妄想癖を鍛えて何かを企んでいるようだが……<br>
<br>
年齢：15歳　難易度：Ｃ　成長度：Ｃ　貢献度：Ｄ　売却値：Ａ,
}
CSTR,一人称,私,
相性,15,200,
相性,2,150,
相性,16,150,
相性,79,150,
