番号,73
名前,鎌瀬縫子
呼び名,縫子
あだ名,瀬川こいぬ
基礎,体力,1800,
基礎,気力,1000,
基礎,ギャラ,500,
基礎,実年齢,16,
基礎,誕生月,8,
基礎,誕生日,14,
基礎,血液型,0,
基礎,身長,157,
基礎,体重,49,
基礎,バスト,82,
基礎,ウェスト,59,
基礎,ヒップ,81,
基礎,魅力値,110,
能力,美容感覚,3,
能力,運動能力,3,
能力,学力,3,
素質,処女,1,
素質,アナル処女,1,
素質,Ｃ敏感,1,
素質,Ｂ鈍感,1,
素質,痛みに弱い,1,
素質,素質,1,
素質,素直,1,
素質,動物好き,1,
素質,保守的,1,
素質,恥じらい,1,
素質,快感に素直,1,
素質,地味,1,
素質,高校生,1,
素質,はるうられ,1,
フラグ,陰毛状態,12,
フラグ,ピアス状況,16,
フラグ,着衣状態,15,
フラグ,上着タイプ,17,
フラグ,靴下タイプ,2,
フラグ,靴タイプ,2,
フラグ,ブラの色,0,
フラグ,ブラタイプ,0,
フラグ,パンツの色,0,
フラグ,パンツタイプ,0,
フラグ,髪色,1,
フラグ,染髪済,0,
フラグ,髪型,1,
フラグ,NTR完了値,100,
フラグ,初キス相手,-1,
CSTR,一人称,私,
{
CSTR,女優名鑑テキスト,【鎌瀬 縫子】（かませ・ぬいこ）<br>
<font color='#0xDDBBCC' face='あくびん'>「えっ、ちょっ……本当に私なんかでいいの！？」</font><br>
<br>
これといって特徴の無い、地味な女の子<br>
かつてとある学園に通っていたが、学園内の売春組織によって拉致されたものの、他人を勧誘するための布石だったためにすぐに『処分』されることになった<br>
しかしあまりにも特徴がなく地味な上、ソープに沈めるにも技量は足りないし、かといってむやみに『消す』のも拙いので、持て余し気味ながらもとりあえず歌音の手元に置かれている<br>
地味ながらも普通の女子○生らしく恋愛への興味は尽きないようだ<br>
<br>
元ネタ：アリスソフト - アリス2010内タイトル【はるうられ】<br>
年齢：16歳　難易度：Ｄ　成長度：Ｃ　貢献度：Ｃ　売却値：Ｂ,
}
相性,70,300,
相性,71,200,
相性,72,120,
相性,74,120,
相性,75,120,
{
CSTR,相性,
春風南*300/
神園すみれ*200/
二葉志乃*120/
本庄のどか*120/
橘乙姫*120/
}
