番号,201
名前,アスカ
呼び名,アスカ
あだ名,飛鳥
基礎,体力,2800,
基礎,気力,1100,
基礎,ギャラ,0,
基礎,誕生月,5,
基礎,誕生日,27,
基礎,血液型,3,
基礎,魅力値,110,
基礎,実年齢,17,
基礎,身長,16300,
基礎,体重,4700,
基礎,バスト,9200,
基礎,ウェスト,5700,
基礎,ヒップ,8700,
能力,信頼,3,
能力,美容感覚,3,
能力,運動能力,6,
能力,学力,1,
経験,コスプレ経験,50,
素質,Ｂ敏感,1,
素質,痛みに強い,1,
素質,習得遅い,1,
素質,巨乳,1,
素質,素直,1,
素質,ポジティブ,1,
素質,妄信,1,
素質,影響されやすい,1,
素質,好奇心,1,
素質,目立ちたがり,1,
素質,解放,1,
素質,快感に素直,1,
素質,魅力,1,
素質,魅惑,1,
素質,ミッション,1,
素質,護身術,1,
素質,お姫様,1,
素質,高校生,1,
フラグ,陰毛状態,7,
フラグ,ミッション期間,15,
フラグ,上着タイプ,295,
フラグ,特別コスタイプ,2,
フラグ,靴下タイプ,0,
フラグ,靴タイプ,13,
フラグ,ブラの色,99,
フラグ,ブラタイプ,12,
フラグ,パンツの色,99,
フラグ,パンツタイプ,12,
フラグ,髪色,2,
フラグ,髪型,5,
フラグ,NTR完了値,100,
CSTR,一人称,私,
{
CSTR,相性,
あなた*500/
レイチェル・パラディスス*200/
ユーニス・パラディスス*200/
,
}
{
CSTR,女優名鑑テキスト,【アスカ】（Asuka Eterna）<br>
<font color='#0xDDBBCC' face='あくびん'>「ＡＶ撮影？　それは誓いの儀式のことか！？」</font><br>
<br>
自分を異世界からやってきた姫勇者だと名乗る、ちょっと不思議な子<br>
あなたがＡＶ監督になる前にやっていた国民的ＲＰＧの主人公そっくり<br>
運動神経は非常に高いが、頭は極めてよろしくない<br>
あなたのことを運命の婚約者であると主張しており、子供を作ってほしいと言ってくる<br>
白昼堂々桐生組の事務所に押し掛け、歌音の私室のタンスを漁っていたところを確保された彼女の発言から面白いことになりそうという歌音の思いつきにより、あなたへのテストという意味合いでミッションとして出されることになった<br>
また、ヘタに桐生組の事務所で軟禁するよりも歌音自らが監視していた方が安全だということにより、同じ高校に通わせられている<br>
ただ時折突飛もない問題（？）を起こしており、それが歌音の頭痛のタネだとか……<br>
<br>
実際には異世界人でも何でもなく、自分がゲームの中の勇者だと思いこんでしまった女の子。海外の王族の血を引いているため高貴な雰囲気を漂わせているが、自分のことを完全に勇者と思いこんでしまっているため以前のことを思い出せないでいる<br>
鳥籠暮らしのピュアな子にゲームをやらせると変なハマり方をするぞ、気を付けろ！<br>
<br>
年齢：18歳？　難易度：Ｅ　成長度：Ｃ　貢献度：Ｃ　売却値：Ｃ,
}

