番号,190
名前,涼本鈴花
呼び名,鈴花
あだ名,あおい凛
基礎,体力,2000,
基礎,気力,1400,
基礎,ギャラ,1000,
基礎,誕生月,8,
基礎,誕生日,10,
基礎,血液型,2,
基礎,魅力値,120,
基礎,実年齢,15,
基礎,身長,16500,
基礎,体重,4400,
基礎,バスト,8000,
基礎,ウェスト,5600,
基礎,ヒップ,8100,
能力,美容感覚,3,
能力,運動能力,4,
能力,学力,3,
能力,歌唱技能,2,
経験,被写経験,10,
経験,歌唱経験,20,
経験,舞踊経験,10,
素質,Ｖ敏感,1,
素質,回復早い,1,
素質,痛みに強い,1,
素質,濡れやすい,1,
素質,素質,1,
素質,ナマイキ,1,
素質,ツンデレ,1,
素質,動物好き,1,
素質,影響されやすい,1,
素質,保守的,1,
素質,一線越えない,1,
素質,汚臭鈍感,1,
素質,快感に素直,1,
素質,倒錯的,1,
素質,献身的,1,
素質,魅力,1,
素質,おしゃれ,1,
素質,ミッション,1,
素質,高校生,1,
フラグ,陰毛状態,12,
フラグ,ミッション期間,30,
フラグ,着衣状態,15,
フラグ,上着タイプ,17,
フラグ,靴下タイプ,2,
フラグ,靴タイプ,1,
フラグ,172,0,
フラグ,ブラの色,0,
フラグ,ブラタイプ,0,
フラグ,パンツの色,0,
フラグ,パンツタイプ,0,
フラグ,髪色,1,
フラグ,染髪済,0,
フラグ,髪型,5,
フラグ,NTR完了値,100,
CSTR,一人称,私,
{
CSTR,相性,
永江桜月*200/
宇野未歩*200/
,
}

