番号,38
名前,闇崎燐子
呼び名,燐子
あだ名,RIN
基礎,体力,1800,
基礎,気力,1600,
基礎,ギャラ,3000,
基礎,魅力値,160,
基礎,身長,15600,
基礎,体重,4100,
基礎,バスト,8100,
基礎,ウェスト,5700,
基礎,ヒップ,8000,
能力,美容感覚,5,
能力,運動能力,3,
能力,学力,4,
能力,被写技能,3,
能力,歌唱技能,3,
能力,舞踊技能,3,
経験,被写経験,60,
経験,歌唱経験,60,
経験,舞踊経験,60,
素質,性別,1,
素質,Ｖ感度,1,
素質,Ｂ感度,1,
素質,痛覚耐性,1,
素質,習得速度,1,
素質,素直,1,
素質,プライド,1,
素質,ポジティブさ,1,
素質,妄信,1,
素質,洗脳されない,1,
素質,好奇心,1,
素質,目立ちたがり,1,
素質,貞操観念,1,
素質,快感に素直,1,
素質,両刀,1,
素質,鼓舞,1,
素質,魅力,1,
素質,カリスマ,1,
素質,人気者,1,
素質,歌姫,1,
素質,アイドル,1,
素質,中学生,1,
素質,ブースト大,1,
フラグ,着衣状態,15,
フラグ,上着タイプ,52,
フラグ,靴下タイプ,7,
フラグ,靴タイプ,8,
フラグ,ブラの色,0,
フラグ,ブラタイプ,5,
フラグ,パンツの色,0,
フラグ,パンツタイプ,5,
フラグ,髪色,3,
フラグ,染髪済,0,
フラグ,髪型,11,
フラグ,NTR完了値,300,
フラグ,護衛,1,
フラグ,値段,200000,
フラグ,誕生月,4,
フラグ,誕生日,8,
フラグ,血液型,1,
フラグ,実年齢,14,
CSTR,一人称,私,
{
CSTR,相性,
あなた*500/
渡来桔梗*200/
須野郁美*50/
新島みひろ*200/
春日律花*300/
,
}
{
CSTR,女優名鑑テキスト,【闇崎 燐子】（やみざき・りんこ）<br>
<font color='#0xDDBBCC' face='あくびん'>「我が聖騎士よ、求め訴えよう（今日も宜しくお願い致します♪）」</font><br>
<br>
桐生組の子会社の芸能プロダクションから最近デビューしたばかりのアイドル<br>
重度の厨二病を患っており、ステージ衣装も本人の希望により堕天使をモチーフとしたものという非常に『イタい』感じのせいか、イロモノ扱いされている<br>
ただし言葉を飾ってはいるものの、その態度は分かりやすいぐらい非常に素直<br>
しかしその歌唱力やダンスは荒削りながらも素質を感じさせるもので、国民的アイドルグループ『Colorful Pure Girl』に太刀打ちできるかもしれない、というアイドル評論家の意見もある<br>
そんな彼女がなぜＡＶ業界に興味を示したのかというと、あなた（＝監督）のことを……彼女の言葉を翻訳すると『以前事務所で見た時に運命の人だと思ったんです♪』とのことらしい<br>
現役アイドル故にＡＶのリリースには細心の注意を払わなければならないが、その辺りの裏工作は桐生組が手を打っておく、とのことらしいので気兼ねなく撮影できるだろう<br>
<br>
年齢：14歳　難易度：Ｅ　成長度：Ｃ　貢献度：Ａ　売却値：Ｓ,
}

