番号,3
名前,久留米紗英
呼び名,紗英
あだ名,佐伯玖瑠々
基礎,体力,1800,
基礎,気力,1400,
基礎,ギャラ,200,
基礎,魅力値,100,
基礎,実年齢,16,
基礎,誕生月,11,
基礎,誕生日,6,
基礎,血液型,1,
基礎,身長,158,
基礎,体重,44,
基礎,バスト,78,
基礎,ウェスト,56,
基礎,ヒップ,76,
基礎,魔力,190,
能力,Ｃ感覚,1,
能力,Ｂ感覚,1,
能力,Ｖ感覚,2,
能力,欲望,2,
能力,性交中毒,1,
能力,歌唱技能,3,
能力,美容感覚,4,
能力,運動能力,4,
能力,学力,1,
経験,Ｖ経験,10,
経験,絶頂経験,6,
経験,性交経験,10,
経験,自慰経験,5,
経験,彼氏性経験,10,
経験,交際人数,3,
素質,アナル処女,1,
素質,好奇心,1,
素質,ポジティブ,1,
素質,貞操無頓着,1,
素質,快感に素直,1,
素質,倒錯的,1,
素質,Ｖ敏感,1,
素質,Ａ鈍感,1,
素質,回復遅い,1,
素質,妹想い,1,
素質,貧乏,1,
素質,姉,1,
素質,惚れっぽい,1,
素質,ギャル系,1,
フラグ,初体験の相手,8,
フラグ,ファーストキスの相手,1,
フラグ,上着のタイプ,101,
フラグ,処女喪失年齢,14,
フラグ,処女喪失月,7,
フラグ,処女喪失日,2,
フラグ,処女喪失場所,5,
フラグ,靴下の種類,1,
フラグ,靴の種類,1,
フラグ,ブラの色,2,
フラグ,ブラの種類,7,
フラグ,パンツの色,2,
フラグ,パンツの種類,7,
フラグ,寝取られ完了値,100,
フラグ,髪色,1,
フラグ,染髪済,1,
フラグ,髪型,1,
フラグ,値段,300,
CSTR,処女喪失の相手,元カレ,
CSTR,ファーストキスの相手,元カレ,
CSTR,一人称,あたし,
{
CSTR,女優名鑑テキスト,【久留米 紗英】（くるめ・さえ）<br>
<font color='#0xDDBBCC' face='あくびん'>「ギャラっていくら？　あっそう、そんだけなんだ～」</font><br>
<br>
近所のコンビニでアルバイトしている、「イマドキの女子」といった感じの少女<br>
あまり裕福ではないらしく、学校には通わずアルバイトをいくつか掛け持ちしている<br>
ＡＶ女優になれば儲かる、という短絡的な思考からあなた（＝監督）の事務所の募集をネットで見て応募してきた<br>
イケメンで金持ちなら年齢を問わないらしく、非常にミーハーで惚れっぽい<br>
<br>
年齢：17歳　難易度：Ｄ　成長度：Ｄ　貢献度：Ｂ　売却値：Ｄ,
}
相性,20,200,
相性,73,150,
相性,91,400,
