番号,88
名前,雨草愛理
呼び名,エリ
あだ名,天野雫
基礎,体力,2000,
基礎,気力,2000,
基礎,ギャラ,1200,
基礎,魅力値,120,
基礎,身長,17000,
基礎,体重,4900,
基礎,バスト,8300,
基礎,ウェスト,5000,
基礎,ヒップ,8200,
能力,話術,1,
能力,レズっ気,1,
能力,美容感覚,8,
能力,運動能力,2,
能力,学力,6,
能力,被写技能,2,
素質,性別,1,
素質,身長,1,
素質,濡れやすさ,1,
素質,プライド,1,
素質,目立ちたがり,1,
素質,汚臭耐性,-1,
素質,魅力,1,
素質,人気者,1,
素質,優等生,1,
素質,おしゃれ,1,
素質,ファッションモデル,1,
素質,高校生,1,
フラグ,陰毛状態,-1,
フラグ,着衣状態,15,
フラグ,上着タイプ,232,
フラグ,靴下タイプ,2,
フラグ,靴タイプ,2,
フラグ,ブラの色,3,
フラグ,ブラタイプ,2,
フラグ,パンツの色,3,
フラグ,パンツタイプ,2,
フラグ,髪色,8,
フラグ,染髪済,0,
フラグ,髪型,3,
フラグ,NTR完了値,100,
フラグ,誕生月,11,
フラグ,誕生日,2,
フラグ,血液型,4,
フラグ,実年齢,16,
CSTR,一人称,あたし,
{
CSTR,相性,
あなた*100/
三上聖佳*200/
蒼井遙*200/
桐島翔子*200/
,
}
{
CSTR,女優名鑑テキスト,【雨草 愛理】（あまくさ・えり）<br>
<font color='#0xDDBBCC' face='あくびん'>「ＡＶ撮影……ですか。私を縛る枷がまた増えていくのですね」</font><br>
<br>
高校に通いつつ、モデルのバイトをしているクォーターの少女<br>
紫がかった髪をポニーテールにしており、人目を引く長身と美貌をもつ<br>
親を事故で失ってから、教会系の施設で生活している<br>
それ以前の教育による物なのか、口のきき方や態度は上品<br>
施設の経営が苦しい事に気が付いており、独立したい気持ちが強い<br>
とは言え大学は出る心算でおり、奨学金を取る為に勉強には力を入れている<br>
同じ施設の先輩の桐島翔子を尊敬し、慕っている。<br>
年頃の少女らしく恋愛には興味津々だが、モデルとしてのプライドからか、自分に釣り合う人間を求めている<br>
<br>
年齢：17歳　難易度：Ｃ　成長度：Ｃ　貢献度：Ｃ　売却値：Ａ,
}

