番号,41
名前,羽生理沙
呼び名,理沙
あだ名,LISA
基礎,体力,1700,
基礎,気力,1900,
基礎,ギャラ,1200,
基礎,魅力値,120,
基礎,実年齢,17,
基礎,誕生月,2,
基礎,誕生日,22,
基礎,血液型,4,
基礎,身長,146,
基礎,体重,39,
基礎,バスト,87,
基礎,ウェスト,58,
基礎,ヒップ,84,
能力,奉仕精神,4,
能力,サドっ気,3,
能力,レズっ気,1,
能力,美容感覚,3,
能力,運動能力,2,
能力,学力,6,
能力,オタク知識,2,
素質,処女,1,
素質,アナル処女,1,
素質,気丈,1,
素質,素直,1,
素質,大人しい,1,
素質,好奇心,1,
素質,ポジティブ,1,
素質,貞操観念,1,
素質,濡れにくい,1,
素質,汚臭鈍感,1,
素質,献身的,1,
素質,汚れ無視,1,
素質,快感に素直,1,
素質,中毒しやすい,1,
素質,小悪魔,1,
素質,小柄,1,
素質,Ｃ敏感,1,
素質,Ｂ敏感,1,
素質,巨乳,1,
素質,魅力,1,
素質,パイパン,1,
素質,動物好き,1,
素質,交渉上手,1,
素質,高校生,1,
素質,優等生,1,
素質,ストレス肥満,1,
素質,コスプレイヤー,1,
素質,童顔,1,
素質,影響されやすい,1,
フラグ,ファーストキスの相手,-1,
フラグ,上着のタイプ,17,
フラグ,靴下の種類,5,
フラグ,靴の種類,2,
フラグ,ブラの色,1,
フラグ,ブラの種類,4,
フラグ,パンツの色,1,
フラグ,パンツの種類,4,
フラグ,予備の衣装,52,
フラグ,寝取られ完了値,100,
フラグ,髪色,11,
フラグ,髪型,8,
フラグ,値段,7500,
{
CSTR,女優名鑑テキスト,【羽生 理沙】（はにゅう・りさ）<br>
<font color='#0xDDBBCC' face='あくびん'>「ふふっ、いい子いい子♪」</font><br>
<br>
小柄な体型に童顔なのも相まって頻繁に中○生と間違えられるほどだが、しかしそれに不釣合いなほどの巨乳を誇る、あなた（＝監督）の先輩で桐生歌音のクラスメイト<br>
のんびりした人で、独特のオーラで周りの空気を無意識に和ませることができ、よく気が利くこともあってか、いろいろな人から一目置かれている<br>
また、特に押しが強いわけではないが、上目遣いでお願いされると断れないほど強力<br>
学園の敷地の片隅を借りて作られた飼育小屋で飼っている動物たちの世話をしており、そのエサ代を稼ぐために知り合いの両親が経営する、ウェイトレスの制服が凝った喫茶店でアルバイトをしている<br>
しかしアルバイトだけでは動物たちのエサ代を賄うこともままならず困り果てていたところに、『桐生組の人間』としてかねてから彼女を狙っていた歌音から『割のいいバイト』という名目で、好都合とばかりにＡＶ女優業を紹介された<br>
貞操観念の強い彼女は悩みに悩んだが、歌音の話術で丸め込まれた彼女は『みんな』のために履歴書を歌音を介して渡したのだった<br>
この学園に入学するまではずっと女子校だったために男性に対して興味津々だが、動物を可愛がってくれそうな優しい人でなければ琴線に触れないらしい<br>
<br>
ペット好き同士でお得意様という関係からか、文野柚香と特に仲がいいようだ<br>
<br>
年齢：17歳　難易度：Ｄ　成長度：Ａ　貢献度：Ａ　売却値：Ｂ,
}
CSTR,一人称,わたし,
相性,9,150,
相性,10,300,
相性,4,150,
相性,30,300,
相性,32,200,
相性,33,200,
相性,43,300,
相性,93,200,
相性,204,300,
相性,210,500,
