番号,6
名前,神田ひより
呼び名,ひより
あだ名,神野日和
基礎,体力,2000,
基礎,気力,1100,
基礎,ギャラ,400,
基礎,誕生月,4,
基礎,誕生日,17,
基礎,血液型,3,
基礎,魅力値,100,
基礎,実年齢,22,
基礎,身長,16100,
基礎,体重,4700,
基礎,バスト,9200,
基礎,ウェスト,5900,
基礎,ヒップ,8700,
能力,Ｖ感覚,3,
能力,信頼,1,
能力,欲望,2,
能力,技巧,3,
能力,性交技術,2,
能力,マゾっ気,2,
能力,美容感覚,3,
能力,運動能力,2,
能力,学力,4,
能力,料理技能,2,
経験,Ｖ経験,30,
経験,絶頂経験,18,
経験,性交経験,30,
経験,自慰経験,10,
経験,精液経験,56,
経験,フェラ経験,12,
経験,出産経験,1,
経験,料理経験,20,
経験,彼氏性経験,8,
経験,交際人数,1,
素質,性経験,1,
素質,性別,1,
素質,Ｖ鈍感,1,
素質,Ｂ敏感,1,
素質,濡れにくい,1,
素質,母乳体質,1,
素質,臆病,1,
素質,ネガティブ,1,
素質,心弱い,1,
素質,動物好き,1,
素質,母性,1,
素質,妹想い,1,
素質,保守的,1,
素質,貞操観念,1,
素質,恥じらい,1,
素質,中毒しやすい,1,
素質,倒錯的,1,
素質,献身的,1,
素質,人妻,1,
素質,姉,1,
フラグ,上着タイプ,101,
フラグ,靴下タイプ,0,
フラグ,靴タイプ,3,
フラグ,靴下着用,-1,
フラグ,ブラの色,3,
フラグ,ブラタイプ,4,
フラグ,パンツの色,3,
フラグ,パンツタイプ,4,
フラグ,髪色,10,
フラグ,髪型,2,
フラグ,NTR完了値,100,
フラグ,彼氏有,1,
フラグ,彼氏タイプ,5,
フラグ,処女喪失相手,-2,
フラグ,処女喪失年齢,19,
フラグ,処女喪失月,12,
フラグ,処女喪失日,4,
フラグ,処女喪失場所,3,
フラグ,初キス相手,-7,
フラグ,初キス喪失場所,3,
フラグ,値段,700,
CSTR,処女喪失相手,夫,
CSTR,初キス相手,元カレ,
CSTR,彼氏姓,神田,
CSTR,彼氏名,博通,
CSTR,一人称,私,
{
CSTR,親族関係,
飯野美樹:妹/
,
}
{
CSTR,相性,
飯野美樹*500/
寺本祐香里*120/
蒼井遙*120/
神園すみれ*150/
,
}
{
CSTR,女優名鑑テキスト,【神田 ひより】（かんだ・ひより）<br>
<font color='#0xDDBBCC' face='あくびん'>「あなた……ごめんなさい。私は弱い女です……」</font><br>
<br>
飯野美樹の実の姉で、現在は海外出張の多いサラリーマンと結婚し子供もいる<br>
実家との確執がありこっそり会うことしかできないが、妹のことをとても大切にしている<br>
旦那が留守がちなせいか熟れた肢体を持て余し、いけないことと知りつつもナマでの本番行為は厳禁として出会い系などで性欲を発散させていたところに、偶然あなた（＝監督）の事務所のスタッフが彼女と知り合い、より効率よく発散できる場として、ＡＶ女優を募集していることを伝えたようだ<br>
<br>
年齢：24歳　難易度：Ｃ　成長度：Ｄ　貢献度：Ａ　売却値：Ｃ,
}

