番号,91
名前,宮間カナ
呼び名,カナ
あだ名,深山佳菜子
基礎,体力,2800,
基礎,気力,1800,
基礎,ギャラ,5000,
基礎,誕生月,3,
基礎,誕生日,3,
基礎,血液型,3,
基礎,魅力値,150,
基礎,実年齢,15,
基礎,身長,15600,
基礎,体重,4100,
基礎,バスト,8100,
基礎,ウェスト,5500,
基礎,ヒップ,8300,
能力,Ｃ感覚,1,
能力,Ｂ感覚,1,
能力,信頼,1,
能力,欲望,5,
能力,奉仕精神,1,
能力,美容感覚,5,
能力,運動能力,2,
能力,学力,7,
能力,歌唱技能,2,
能力,舞踊技能,2,
能力,料理技能,2,
経験,絶頂経験,8,
経験,自慰経験,20,
経験,異常経験,1,
経験,料理経験,30,
経験,歌唱経験,30,
経験,舞踊経験,30,
経験,補導経験,5,
素質,Ｃ敏感,1,
素質,Ａ鈍感,1,
素質,痛みに弱い,1,
素質,濡れやすい,1,
素質,童顔,1,
素質,褐色肌,1,
素質,ナマイキ,1,
素質,ポジティブ,1,
素質,小悪魔,1,
素質,惚れっぽい,1,
素質,影響されやすい,1,
素質,ギャル系,1,
素質,好奇心,1,
素質,目立ちたがり,1,
素質,貞操無頓着,1,
素質,解放,1,
素質,恥薄い,1,
素質,快感に素直,1,
素質,中毒しやすい,1,
素質,舌使い,1,
素質,妹,1,
素質,高校生,1,
フラグ,陰毛状態,12,
フラグ,着衣状態,15,
フラグ,上着タイプ,140,
フラグ,特別コスタイプ,81,
フラグ,靴下タイプ,8,
フラグ,靴タイプ,8,
フラグ,ブラの色,11,
フラグ,ブラタイプ,8,
フラグ,パンツの色,18,
フラグ,パンツタイプ,13,
フラグ,髪色,9,
フラグ,染髪済,1,
フラグ,髪型,5,
フラグ,NTR完了値,100,
CSTR,一人称,アタシ,
{
CSTR,親族関係,
あなた:兄/
宮間かなで:姉/
宮間未依:妹/
,
}
{
CSTR,相性,
あなた*300/
宮間かなで*1000/
佐々木美乃里*200/
久留米紗英*150/
雛見春乃*200/
美咲エリカ*200/
宮間未依*200/
赤羽真理*120/
春風南*150/
新島みひろ*200/
羽瀬川みこと*200/
小野原あんず*150/
,
}
{
CSTR,女優名鑑テキスト,【宮間 カナ】（みやま・かな）<br>
<font color='#0xDDBBCC' face='あくびん'>「ドーテーのアニキにＡＶ監督なんかできんの？　アタシでドーテー捨てとく？」</font><br>
<br>
ある日突然現れた『宮間カナ』と名乗る、性格以外は宮間かなでと瓜二つな黒ギャルの少女<br>
いつの間にかあなた（＝監督）の暮らす家に彼女の部屋があり、周囲の人々も最初から彼女があなたのもうひとりの妹であったかのように扱っている<br>
性格が正反対なのにかなでとは本当の双子のように仲がよく、良くも悪くも影響されやすい性格のかなでが彼女のようにならないかがあなたの専らの頭痛のタネである<br>
しかしそのイマドキの高○生のような性格に反して成績は優秀、全国模試などでは示し合わせたかのように、全国でも成績上位のかなでとほぼ同じ点数を取っている<br>
かなでが言うには『きっと誰かさんに認めてもらいたいんだと思うの』とのことだが……<br>
ただ、たまに夜遊びをして補導されることもあって教師陣からのウケはあまりよくない<br>
あなたとかなでの『もうひとつの関係』を知ると『じゃあアタシもやる』と軽いノリでＡＶ女優としてデビューすることを自ら申し出てきた<br>
これについてもかなでが言うには『きっと誰かさんの為になりたいんだと思うの』だそうだが……<br>
非常に惚れっぽく影響されやすいが、一応本命はいるらしい<br>
だが愉しいことに貪欲な彼女のことなのですぐにそれが変わることも考えられるだろう<br>
<br>
年齢：15歳　難易度：Ｅ　成長度：Ｃ　貢献度：Ｂ　売却値：Ｂ,
}

