0,口で射精,
1,手で射精,
2,セックスで射精,
3,処女喪失,
4,キスで射精,
5,クンニで射精,
6,助手が射精,
7,主人が助手を犯すで射精,
8,フェラで射精後,
9,素股で射精,
10,調教対象が射精,
11,調教対象が噴乳,
12,逆レイプで射精,
13,初キス,
14,近親相姦,
15,触手が射精,
16,犬が射精,
17,童貞喪失,
18,足で射精,
19,V経験を伴うコマンド,
20,主人による処女喪失,
21,反発刻印,
22,苦痛刻印,
23,快楽刻印,
24,屈服刻印,
25,抑圧抵抗の消滅,
26,奉仕快楽経験,
27,苦痛快楽経験,
29,絶頂の強度,
30,主人経験,
31,今回の調教で処女喪失,
32,ビデオ撮影内容,
34,撮影中死亡,
35,搾乳中,
38,調教対象の膣内に射精,
40,３Ｐのときの主人のコマンド,
41,３Ｐのときの助手のコマンド,
42,３Ｐ継続中,
45,下着着衣下が穿けない状態になっている,
47,上着上汚れ,
48,上着下汚れ,
49,特別コスチューム汚れ,
50,前回の調教者が助手,
59,前々回のコマンド,
60,挿しっぱなし,
70,ビデオ撮影回数,
90,ビデオ撮影時の調教内容,
100,快楽経験,
101,Ａ挿入判定,
110,精愛味覚取得用のフラグ,
130,日焼けさせる,
131,アナル処女喪失,
132,ビデオ撮影内容2,
133,童貞喪失,
134,初キス,
135,初キス口以外,
136,処女喪失,
137,ビデオ配信,
150,反発刻印の回避,
160,特殊タイトル,
180,コスプレ衣装,
200,屈服刻印2,
300,面接性別,
301,面接年齢,
302,面接誕生月,
303,面接誕生日,
304,面接血液型,
305,面接職業,
306,面接髪色,
307,面接髪型,
308,面接胸,
309,面接恋人,
310,面接NTR進行度上限,
311,面接初キス,
312,面接セックス経験,
313,面接アナル経験,
314,面接性格,
315,面接陰毛,
316,面接乙女,
317,面接痛み,
318,面接濡れやすい,
319,面接大柄,
320,面接ギャラ,
321,面接肥満,
330,面接体力,
331,面接気力,
400,口上番号,
500,AV撮影時の男優の種類,
501,AV撮影時の撮影内容,
502,AV撮影時のアナル処女喪失系プレイ,
503,AV撮影時の初キスフラグ,
600,助手を犯す処女喪失,
800,気力回復,
820,現在膣内射精回数,
860,失神回復,
895,失神中,
896,恐怖強,
897,複数強絶頂,
898,苦痛強,
899,失神中終了,
